Row Labels,Sum of Total_Amount,,,Row Labels,Sum of Total_Amount,Sum of Customer_Rating,,Row Labels,Count of Total_Amount,,,Row Labels,Sum of Total_Amount
Beauty,"$1,56,585",,,Bank Transfer,"$5,50,872",2008,,Female,2492,,,2023,"$39,01,124"
Books,"$72,745",,,Cash on Delivery,"$2,34,442",966,,Male,2435,,,2024,"$10,14,421"
Electronics,"$23,28,807",,,Credit Card,"$19,16,670",7818,,Other,73,,,Grand Total,"$49,15,545"
Fashion,"$3,75,215",,,Debit Card,"$12,50,503",4884,,Grand Total,5000,,,,
Food,"$96,139",,,Digital Wallet,"$9,63,057",3838,,,,,,,
Home & Garden,"$9,08,349",,,Grand Total,"$49,15,545",19514,,,,,,,
Sports,"$7,54,564",,,,,,,,,,,,
Toys,"$2,23,142",,,,,,,,,,,,
Grand Total,"$49,15,545",,,,,,,,,,,,
,,,,,,,,,,,,,
,,,,,,,,,,,,,
,,,,,,,,Row Labels,,,,,
,,,,,,,,ORD_000001,,,,,
Row Labels,Sum of Quantity,,,Row Labels,Count of Total_Amount,,,ORD_000002,,,,,
Beauty,1424,,,Desktop,1711,,,ORD_000003,,,,,
Books,1291,,,Mobile,2795,,,ORD_000004,,,,,
Electronics,1379,,,Tablet,494,,,ORD_000005,,,,,
Fashion,1411,,,Grand Total,5000,,,ORD_000006,,,,,
Food,1355,,,,,,,ORD_000007,,,,,
Home & Garden,1353,,,,,,,ORD_000008,,,,,
Sports,1519,,,,,,,ORD_000009,,,,,
Toys,1368,,,,,,,ORD_000010,,,,,
Grand Total,11100,,,,,,,ORD_000011,,,,,
,,,,,,,,ORD_000012,,,,,
,,,,,,,,ORD_000013,,,,,
,,,,,,,,ORD_000014,,,,,
,,,,,,,,ORD_000015,,,,,
,,,,,,,,ORD_000016,,,,,
,,,,,,,,ORD_000017,,,,,
,,,,,,,,ORD_000018,,,,,
,,,,,,,,ORD_000019,,,,,
,,,,,,,,ORD_000020,,,,,
,,,,,,,,ORD_000021,,,,,
,,,,,,,,ORD_000022,,,,,
,,,,,,,,ORD_000023,,,,,
,,,,,,,,ORD_000024,,,,,
,,,,,,,,ORD_000025,,,,,
,,,,,,,,ORD_000026,,,,,
,,,,,,,,ORD_000027,,,,,
,,,,,,,,ORD_000028,,,,,
,,,,,,,,ORD_000029,,,,,
,,,,,,,,ORD_000030,,,,,
,,,,,,,,ORD_000031,,,,,
,,,,,,,,ORD_000032,,,,,
,,,,,,,,ORD_000033,,,,,
,,,,,,,,ORD_000034,,,,,
,,,,,,,,ORD_000035,,,,,
,,,,,,,,ORD_000036,,,,,
,,,,,,,,ORD_000037,,,,,
,,,,,,,,ORD_000038,,,,,
,,,,,,,,ORD_000039,,,,,
,,,,,,,,ORD_000040,,,,,
,,,,,,,,ORD_000041,,,,,
,,,,,,,,ORD_000042,,,,,
,,,,,,,,ORD_000043,,,,,
,,,,,,,,ORD_000044,,,,,
,,,,,,,,ORD_000045,,,,,
,,,,,,,,ORD_000046,,,,,
,,,,,,,,ORD_000047,,,,,
,,,,,,,,ORD_000048,,,,,
,,,,,,,,ORD_000049,,,,,
,,,,,,,,ORD_000050,,,,,
,,,,,,,,ORD_000051,,,,,
,,,,,,,,ORD_000052,,,,,
,,,,,,,,ORD_000053,,,,,
,,,,,,,,ORD_000054,,,,,
,,,,,,,,ORD_000055,,,,,
,,,,,,,,ORD_000056,,,,,
,,,,,,,,ORD_000057,,,,,
,,,,,,,,ORD_000058,,,,,
,,,,,,,,ORD_000059,,,,,
,,,,,,,,ORD_000060,,,,,
,,,,,,,,ORD_000061,,,,,
,,,,,,,,ORD_000062,,,,,
,,,,,,,,ORD_000063,,,,,
,,,,,,,,ORD_000064,,,,,
,,,,,,,,ORD_000065,,,,,
,,,,,,,,ORD_000066,,,,,
,,,,,,,,ORD_000067,,,,,
,,,,,,,,ORD_000068,,,,,
,,,,,,,,ORD_000069,,,,,
,,,,,,,,ORD_000070,,,,,
,,,,,,,,ORD_000071,,,,,
,,,,,,,,ORD_000072,,,,,
,,,,,,,,ORD_000073,,,,,
,,,,,,,,ORD_000074,,,,,
,,,,,,,,ORD_000075,,,,,
,,,,,,,,ORD_000076,,,,,
,,,,,,,,ORD_000077,,,,,
,,,,,,,,ORD_000078,,,,,
,,,,,,,,ORD_000079,,,,,
,,,,,,,,ORD_000080,,,,,
,,,,,,,,ORD_000081,,,,,
,,,,,,,,ORD_000082,,,,,
,,,,,,,,ORD_000083,,,,,
,,,,,,,,ORD_000084,,,,,
,,,,,,,,ORD_000085,,,,,
,,,,,,,,ORD_000086,,,,,
,,,,,,,,ORD_000087,,,,,
,,,,,,,,ORD_000088,,,,,
,,,,,,,,ORD_000089,,,,,
,,,,,,,,ORD_000090,,,,,
,,,,,,,,ORD_000091,,,,,
,,,,,,,,ORD_000092,,,,,
,,,,,,,,ORD_000093,,,,,
,,,,,,,,ORD_000094,,,,,
,,,,,,,,ORD_000095,,,,,
,,,,,,,,ORD_000096,,,,,
,,,,,,,,ORD_000097,,,,,
,,,,,,,,ORD_000098,,,,,
,,,,,,,,ORD_000099,,,,,
,,,,,,,,ORD_000100,,,,,
,,,,,,,,ORD_000101,,,,,
,,,,,,,,ORD_000102,,,,,
,,,,,,,,ORD_000103,,,,,
,,,,,,,,ORD_000104,,,,,
,,,,,,,,ORD_000105,,,,,
,,,,,,,,ORD_000106,,,,,
,,,,,,,,ORD_000107,,,,,
,,,,,,,,ORD_000108,,,,,
,,,,,,,,ORD_000109,,,,,
,,,,,,,,ORD_000110,,,,,
,,,,,,,,ORD_000111,,,,,
,,,,,,,,ORD_000112,,,,,
,,,,,,,,ORD_000113,,,,,
,,,,,,,,ORD_000114,,,,,
,,,,,,,,ORD_000115,,,,,
,,,,,,,,ORD_000116,,,,,
,,,,,,,,ORD_000117,,,,,
,,,,,,,,ORD_000118,,,,,
,,,,,,,,ORD_000119,,,,,
,,,,,,,,ORD_000120,,,,,
,,,,,,,,ORD_000121,,,,,
,,,,,,,,ORD_000122,,,,,
,,,,,,,,ORD_000123,,,,,
,,,,,,,,ORD_000124,,,,,
,,,,,,,,ORD_000125,,,,,
,,,,,,,,ORD_000126,,,,,
,,,,,,,,ORD_000127,,,,,
,,,,,,,,ORD_000128,,,,,
,,,,,,,,ORD_000129,,,,,
,,,,,,,,ORD_000130,,,,,
,,,,,,,,ORD_000131,,,,,
,,,,,,,,ORD_000132,,,,,
,,,,,,,,ORD_000133,,,,,
,,,,,,,,ORD_000134,,,,,
,,,,,,,,ORD_000135,,,,,
,,,,,,,,ORD_000136,,,,,
,,,,,,,,ORD_000137,,,,,
,,,,,,,,ORD_000138,,,,,
,,,,,,,,ORD_000139,,,,,
,,,,,,,,ORD_000140,,,,,
,,,,,,,,ORD_000141,,,,,
,,,,,,,,ORD_000142,,,,,
,,,,,,,,ORD_000143,,,,,
,,,,,,,,ORD_000144,,,,,
,,,,,,,,ORD_000145,,,,,
,,,,,,,,ORD_000146,,,,,
,,,,,,,,ORD_000147,,,,,
,,,,,,,,ORD_000148,,,,,
,,,,,,,,ORD_000149,,,,,
,,,,,,,,ORD_000150,,,,,
,,,,,,,,ORD_000151,,,,,
,,,,,,,,ORD_000152,,,,,
,,,,,,,,ORD_000153,,,,,
,,,,,,,,ORD_000154,,,,,
,,,,,,,,ORD_000155,,,,,
,,,,,,,,ORD_000156,,,,,
,,,,,,,,ORD_000157,,,,,
,,,,,,,,ORD_000158,,,,,
,,,,,,,,ORD_000159,,,,,
,,,,,,,,ORD_000160,,,,,
,,,,,,,,ORD_000161,,,,,
,,,,,,,,ORD_000162,,,,,
,,,,,,,,ORD_000163,,,,,
,,,,,,,,ORD_000164,,,,,
,,,,,,,,ORD_000165,,,,,
,,,,,,,,ORD_000166,,,,,
,,,,,,,,ORD_000167,,,,,
,,,,,,,,ORD_000168,,,,,
,,,,,,,,ORD_000169,,,,,
,,,,,,,,ORD_000170,,,,,
,,,,,,,,ORD_000171,,,,,
,,,,,,,,ORD_000172,,,,,
,,,,,,,,ORD_000173,,,,,
,,,,,,,,ORD_000174,,,,,
,,,,,,,,ORD_000175,,,,,
,,,,,,,,ORD_000176,,,,,
,,,,,,,,ORD_000177,,,,,
,,,,,,,,ORD_000178,,,,,
,,,,,,,,ORD_000179,,,,,
,,,,,,,,ORD_000180,,,,,
,,,,,,,,ORD_000181,,,,,
,,,,,,,,ORD_000182,,,,,
,,,,,,,,ORD_000183,,,,,
,,,,,,,,ORD_000184,,,,,
,,,,,,,,ORD_000185,,,,,
,,,,,,,,ORD_000186,,,,,
,,,,,,,,ORD_000187,,,,,
,,,,,,,,ORD_000188,,,,,
,,,,,,,,ORD_000189,,,,,
,,,,,,,,ORD_000190,,,,,
,,,,,,,,ORD_000191,,,,,
,,,,,,,,ORD_000192,,,,,
,,,,,,,,ORD_000193,,,,,
,,,,,,,,ORD_000194,,,,,
,,,,,,,,ORD_000195,,,,,
,,,,,,,,ORD_000196,,,,,
,,,,,,,,ORD_000197,,,,,
,,,,,,,,ORD_000198,,,,,
,,,,,,,,ORD_000199,,,,,
,,,,,,,,ORD_000200,,,,,
,,,,,,,,ORD_000201,,,,,
,,,,,,,,ORD_000202,,,,,
,,,,,,,,ORD_000203,,,,,
,,,,,,,,ORD_000204,,,,,
,,,,,,,,ORD_000205,,,,,
,,,,,,,,ORD_000206,,,,,
,,,,,,,,ORD_000207,,,,,
,,,,,,,,ORD_000208,,,,,
,,,,,,,,ORD_000209,,,,,
,,,,,,,,ORD_000210,,,,,
,,,,,,,,ORD_000211,,,,,
,,,,,,,,ORD_000212,,,,,
,,,,,,,,ORD_000213,,,,,
,,,,,,,,ORD_000214,,,,,
,,,,,,,,ORD_000215,,,,,
,,,,,,,,ORD_000216,,,,,
,,,,,,,,ORD_000217,,,,,
,,,,,,,,ORD_000218,,,,,
,,,,,,,,ORD_000219,,,,,
,,,,,,,,ORD_000220,,,,,
,,,,,,,,ORD_000221,,,,,
,,,,,,,,ORD_000222,,,,,
,,,,,,,,ORD_000223,,,,,
,,,,,,,,ORD_000224,,,,,
,,,,,,,,ORD_000225,,,,,
,,,,,,,,ORD_000226,,,,,
,,,,,,,,ORD_000227,,,,,
,,,,,,,,ORD_000228,,,,,
,,,,,,,,ORD_000229,,,,,
,,,,,,,,ORD_000230,,,,,
,,,,,,,,ORD_000231,,,,,
,,,,,,,,ORD_000232,,,,,
,,,,,,,,ORD_000233,,,,,
,,,,,,,,ORD_000234,,,,,
,,,,,,,,ORD_000235,,,,,
,,,,,,,,ORD_000236,,,,,
,,,,,,,,ORD_000237,,,,,
,,,,,,,,ORD_000238,,,,,
,,,,,,,,ORD_000239,,,,,
,,,,,,,,ORD_000240,,,,,
,,,,,,,,ORD_000241,,,,,
,,,,,,,,ORD_000242,,,,,
,,,,,,,,ORD_000243,,,,,
,,,,,,,,ORD_000244,,,,,
,,,,,,,,ORD_000245,,,,,
,,,,,,,,ORD_000246,,,,,
,,,,,,,,ORD_000247,,,,,
,,,,,,,,ORD_000248,,,,,
,,,,,,,,ORD_000249,,,,,
,,,,,,,,ORD_000250,,,,,
,,,,,,,,ORD_000251,,,,,
,,,,,,,,ORD_000252,,,,,
,,,,,,,,ORD_000253,,,,,
,,,,,,,,ORD_000254,,,,,
,,,,,,,,ORD_000255,,,,,
,,,,,,,,ORD_000256,,,,,
,,,,,,,,ORD_000257,,,,,
,,,,,,,,ORD_000258,,,,,
,,,,,,,,ORD_000259,,,,,
,,,,,,,,ORD_000260,,,,,
,,,,,,,,ORD_000261,,,,,
,,,,,,,,ORD_000262,,,,,
,,,,,,,,ORD_000263,,,,,
,,,,,,,,ORD_000264,,,,,
,,,,,,,,ORD_000265,,,,,
,,,,,,,,ORD_000266,,,,,
,,,,,,,,ORD_000267,,,,,
,,,,,,,,ORD_000268,,,,,
,,,,,,,,ORD_000269,,,,,
,,,,,,,,ORD_000270,,,,,
,,,,,,,,ORD_000271,,,,,
,,,,,,,,ORD_000272,,,,,
,,,,,,,,ORD_000273,,,,,
,,,,,,,,ORD_000274,,,,,
,,,,,,,,ORD_000275,,,,,
,,,,,,,,ORD_000276,,,,,
,,,,,,,,ORD_000277,,,,,
,,,,,,,,ORD_000278,,,,,
,,,,,,,,ORD_000279,,,,,
,,,,,,,,ORD_000280,,,,,
,,,,,,,,ORD_000281,,,,,
,,,,,,,,ORD_000282,,,,,
,,,,,,,,ORD_000283,,,,,
,,,,,,,,ORD_000284,,,,,
,,,,,,,,ORD_000285,,,,,
,,,,,,,,ORD_000286,,,,,
,,,,,,,,ORD_000287,,,,,
,,,,,,,,ORD_000288,,,,,
,,,,,,,,ORD_000289,,,,,
,,,,,,,,ORD_000290,,,,,
,,,,,,,,ORD_000291,,,,,
,,,,,,,,ORD_000292,,,,,
,,,,,,,,ORD_000293,,,,,
,,,,,,,,ORD_000294,,,,,
,,,,,,,,ORD_000295,,,,,
,,,,,,,,ORD_000296,,,,,
,,,,,,,,ORD_000297,,,,,
,,,,,,,,ORD_000298,,,,,
,,,,,,,,ORD_000299,,,,,
,,,,,,,,ORD_000300,,,,,
,,,,,,,,ORD_000301,,,,,
,,,,,,,,ORD_000302,,,,,
,,,,,,,,ORD_000303,,,,,
,,,,,,,,ORD_000304,,,,,
,,,,,,,,ORD_000305,,,,,
,,,,,,,,ORD_000306,,,,,
,,,,,,,,ORD_000307,,,,,
,,,,,,,,ORD_000308,,,,,
,,,,,,,,ORD_000309,,,,,
,,,,,,,,ORD_000310,,,,,
,,,,,,,,ORD_000311,,,,,
,,,,,,,,ORD_000312,,,,,
,,,,,,,,ORD_000313,,,,,
,,,,,,,,ORD_000314,,,,,
,,,,,,,,ORD_000315,,,,,
,,,,,,,,ORD_000316,,,,,
,,,,,,,,ORD_000317,,,,,
,,,,,,,,ORD_000318,,,,,
,,,,,,,,ORD_000319,,,,,
,,,,,,,,ORD_000320,,,,,
,,,,,,,,ORD_000321,,,,,
,,,,,,,,ORD_000322,,,,,
,,,,,,,,ORD_000323,,,,,
,,,,,,,,ORD_000324,,,,,
,,,,,,,,ORD_000325,,,,,
,,,,,,,,ORD_000326,,,,,
,,,,,,,,ORD_000327,,,,,
,,,,,,,,ORD_000328,,,,,
,,,,,,,,ORD_000329,,,,,
,,,,,,,,ORD_000330,,,,,
,,,,,,,,ORD_000331,,,,,
,,,,,,,,ORD_000332,,,,,
,,,,,,,,ORD_000333,,,,,
,,,,,,,,ORD_000334,,,,,
,,,,,,,,ORD_000335,,,,,
,,,,,,,,ORD_000336,,,,,
,,,,,,,,ORD_000337,,,,,
,,,,,,,,ORD_000338,,,,,
,,,,,,,,ORD_000339,,,,,
,,,,,,,,ORD_000340,,,,,
,,,,,,,,ORD_000341,,,,,
,,,,,,,,ORD_000342,,,,,
,,,,,,,,ORD_000343,,,,,
,,,,,,,,ORD_000344,,,,,
,,,,,,,,ORD_000345,,,,,
,,,,,,,,ORD_000346,,,,,
,,,,,,,,ORD_000347,,,,,
,,,,,,,,ORD_000348,,,,,
,,,,,,,,ORD_000349,,,,,
,,,,,,,,ORD_000350,,,,,
,,,,,,,,ORD_000351,,,,,
,,,,,,,,ORD_000352,,,,,
,,,,,,,,ORD_000353,,,,,
,,,,,,,,ORD_000354,,,,,
,,,,,,,,ORD_000355,,,,,
,,,,,,,,ORD_000356,,,,,
,,,,,,,,ORD_000357,,,,,
,,,,,,,,ORD_000358,,,,,
,,,,,,,,ORD_000359,,,,,
,,,,,,,,ORD_000360,,,,,
,,,,,,,,ORD_000361,,,,,
,,,,,,,,ORD_000362,,,,,
,,,,,,,,ORD_000363,,,,,
,,,,,,,,ORD_000364,,,,,
,,,,,,,,ORD_000365,,,,,
,,,,,,,,ORD_000366,,,,,
,,,,,,,,ORD_000367,,,,,
,,,,,,,,ORD_000368,,,,,
,,,,,,,,ORD_000369,,,,,
,,,,,,,,ORD_000370,,,,,
,,,,,,,,ORD_000371,,,,,
,,,,,,,,ORD_000372,,,,,
,,,,,,,,ORD_000373,,,,,
,,,,,,,,ORD_000374,,,,,
,,,,,,,,ORD_000375,,,,,
,,,,,,,,ORD_000376,,,,,
,,,,,,,,ORD_000377,,,,,
,,,,,,,,ORD_000378,,,,,
,,,,,,,,ORD_000379,,,,,
,,,,,,,,ORD_000380,,,,,
,,,,,,,,ORD_000381,,,,,
,,,,,,,,ORD_000382,,,,,
,,,,,,,,ORD_000383,,,,,
,,,,,,,,ORD_000384,,,,,
,,,,,,,,ORD_000385,,,,,
,,,,,,,,ORD_000386,,,,,
,,,,,,,,ORD_000387,,,,,
,,,,,,,,ORD_000388,,,,,
,,,,,,,,ORD_000389,,,,,
,,,,,,,,ORD_000390,,,,,
,,,,,,,,ORD_000391,,,,,
,,,,,,,,ORD_000392,,,,,
,,,,,,,,ORD_000393,,,,,
,,,,,,,,ORD_000394,,,,,
,,,,,,,,ORD_000395,,,,,
,,,,,,,,ORD_000396,,,,,
,,,,,,,,ORD_000397,,,,,
,,,,,,,,ORD_000398,,,,,
,,,,,,,,ORD_000399,,,,,
,,,,,,,,ORD_000400,,,,,
,,,,,,,,ORD_000401,,,,,
,,,,,,,,ORD_000402,,,,,
,,,,,,,,ORD_000403,,,,,
,,,,,,,,ORD_000404,,,,,
,,,,,,,,ORD_000405,,,,,
,,,,,,,,ORD_000406,,,,,
,,,,,,,,ORD_000407,,,,,
,,,,,,,,ORD_000408,,,,,
,,,,,,,,ORD_000409,,,,,
,,,,,,,,ORD_000410,,,,,
,,,,,,,,ORD_000411,,,,,
,,,,,,,,ORD_000412,,,,,
,,,,,,,,ORD_000413,,,,,
,,,,,,,,ORD_000414,,,,,
,,,,,,,,ORD_000415,,,,,
,,,,,,,,ORD_000416,,,,,
,,,,,,,,ORD_000417,,,,,
,,,,,,,,ORD_000418,,,,,
,,,,,,,,ORD_000419,,,,,
,,,,,,,,ORD_000420,,,,,
,,,,,,,,ORD_000421,,,,,
,,,,,,,,ORD_000422,,,,,
,,,,,,,,ORD_000423,,,,,
,,,,,,,,ORD_000424,,,,,
,,,,,,,,ORD_000425,,,,,
,,,,,,,,ORD_000426,,,,,
,,,,,,,,ORD_000427,,,,,
,,,,,,,,ORD_000428,,,,,
,,,,,,,,ORD_000429,,,,,
,,,,,,,,ORD_000430,,,,,
,,,,,,,,ORD_000431,,,,,
,,,,,,,,ORD_000432,,,,,
,,,,,,,,ORD_000433,,,,,
,,,,,,,,ORD_000434,,,,,
,,,,,,,,ORD_000435,,,,,
,,,,,,,,ORD_000436,,,,,
,,,,,,,,ORD_000437,,,,,
,,,,,,,,ORD_000438,,,,,
,,,,,,,,ORD_000439,,,,,
,,,,,,,,ORD_000440,,,,,
,,,,,,,,ORD_000441,,,,,
,,,,,,,,ORD_000442,,,,,
,,,,,,,,ORD_000443,,,,,
,,,,,,,,ORD_000444,,,,,
,,,,,,,,ORD_000445,,,,,
,,,,,,,,ORD_000446,,,,,
,,,,,,,,ORD_000447,,,,,
,,,,,,,,ORD_000448,,,,,
,,,,,,,,ORD_000449,,,,,
,,,,,,,,ORD_000450,,,,,
,,,,,,,,ORD_000451,,,,,
,,,,,,,,ORD_000452,,,,,
,,,,,,,,ORD_000453,,,,,
,,,,,,,,ORD_000454,,,,,
,,,,,,,,ORD_000455,,,,,
,,,,,,,,ORD_000456,,,,,
,,,,,,,,ORD_000457,,,,,
,,,,,,,,ORD_000458,,,,,
,,,,,,,,ORD_000459,,,,,
,,,,,,,,ORD_000460,,,,,
,,,,,,,,ORD_000461,,,,,
,,,,,,,,ORD_000462,,,,,
,,,,,,,,ORD_000463,,,,,
,,,,,,,,ORD_000464,,,,,
,,,,,,,,ORD_000465,,,,,
,,,,,,,,ORD_000466,,,,,
,,,,,,,,ORD_000467,,,,,
,,,,,,,,ORD_000468,,,,,
,,,,,,,,ORD_000469,,,,,
,,,,,,,,ORD_000470,,,,,
,,,,,,,,ORD_000471,,,,,
,,,,,,,,ORD_000472,,,,,
,,,,,,,,ORD_000473,,,,,
,,,,,,,,ORD_000474,,,,,
,,,,,,,,ORD_000475,,,,,
,,,,,,,,ORD_000476,,,,,
,,,,,,,,ORD_000477,,,,,
,,,,,,,,ORD_000478,,,,,
,,,,,,,,ORD_000479,,,,,
,,,,,,,,ORD_000480,,,,,
,,,,,,,,ORD_000481,,,,,
,,,,,,,,ORD_000482,,,,,
,,,,,,,,ORD_000483,,,,,
,,,,,,,,ORD_000484,,,,,
,,,,,,,,ORD_000485,,,,,
,,,,,,,,ORD_000486,,,,,
,,,,,,,,ORD_000487,,,,,
,,,,,,,,ORD_000488,,,,,
,,,,,,,,ORD_000489,,,,,
,,,,,,,,ORD_000490,,,,,
,,,,,,,,ORD_000491,,,,,
,,,,,,,,ORD_000492,,,,,
,,,,,,,,ORD_000493,,,,,
,,,,,,,,ORD_000494,,,,,
,,,,,,,,ORD_000495,,,,,
,,,,,,,,ORD_000496,,,,,
,,,,,,,,ORD_000497,,,,,
,,,,,,,,ORD_000498,,,,,
,,,,,,,,ORD_000499,,,,,
,,,,,,,,ORD_000500,,,,,
,,,,,,,,ORD_000501,,,,,
,,,,,,,,ORD_000502,,,,,
,,,,,,,,ORD_000503,,,,,
,,,,,,,,ORD_000504,,,,,
,,,,,,,,ORD_000505,,,,,
,,,,,,,,ORD_000506,,,,,
,,,,,,,,ORD_000507,,,,,
,,,,,,,,ORD_000508,,,,,
,,,,,,,,ORD_000509,,,,,
,,,,,,,,ORD_000510,,,,,
,,,,,,,,ORD_000511,,,,,
,,,,,,,,ORD_000512,,,,,
,,,,,,,,ORD_000513,,,,,
,,,,,,,,ORD_000514,,,,,
,,,,,,,,ORD_000515,,,,,
,,,,,,,,ORD_000516,,,,,
,,,,,,,,ORD_000517,,,,,
,,,,,,,,ORD_000518,,,,,
,,,,,,,,ORD_000519,,,,,
,,,,,,,,ORD_000520,,,,,
,,,,,,,,ORD_000521,,,,,
,,,,,,,,ORD_000522,,,,,
,,,,,,,,ORD_000523,,,,,
,,,,,,,,ORD_000524,,,,,
,,,,,,,,ORD_000525,,,,,
,,,,,,,,ORD_000526,,,,,
,,,,,,,,ORD_000527,,,,,
,,,,,,,,ORD_000528,,,,,
,,,,,,,,ORD_000529,,,,,
,,,,,,,,ORD_000530,,,,,
,,,,,,,,ORD_000531,,,,,
,,,,,,,,ORD_000532,,,,,
,,,,,,,,ORD_000533,,,,,
,,,,,,,,ORD_000534,,,,,
,,,,,,,,ORD_000535,,,,,
,,,,,,,,ORD_000536,,,,,
,,,,,,,,ORD_000537,,,,,
,,,,,,,,ORD_000538,,,,,
,,,,,,,,ORD_000539,,,,,
,,,,,,,,ORD_000540,,,,,
,,,,,,,,ORD_000541,,,,,
,,,,,,,,ORD_000542,,,,,
,,,,,,,,ORD_000543,,,,,
,,,,,,,,ORD_000544,,,,,
,,,,,,,,ORD_000545,,,,,
,,,,,,,,ORD_000546,,,,,
,,,,,,,,ORD_000547,,,,,
,,,,,,,,ORD_000548,,,,,
,,,,,,,,ORD_000549,,,,,
,,,,,,,,ORD_000550,,,,,
,,,,,,,,ORD_000551,,,,,
,,,,,,,,ORD_000552,,,,,
,,,,,,,,ORD_000553,,,,,
,,,,,,,,ORD_000554,,,,,
,,,,,,,,ORD_000555,,,,,
,,,,,,,,ORD_000556,,,,,
,,,,,,,,ORD_000557,,,,,
,,,,,,,,ORD_000558,,,,,
,,,,,,,,ORD_000559,,,,,
,,,,,,,,ORD_000560,,,,,
,,,,,,,,ORD_000561,,,,,
,,,,,,,,ORD_000562,,,,,
,,,,,,,,ORD_000563,,,,,
,,,,,,,,ORD_000564,,,,,
,,,,,,,,ORD_000565,,,,,
,,,,,,,,ORD_000566,,,,,
,,,,,,,,ORD_000567,,,,,
,,,,,,,,ORD_000568,,,,,
,,,,,,,,ORD_000569,,,,,
,,,,,,,,ORD_000570,,,,,
,,,,,,,,ORD_000571,,,,,
,,,,,,,,ORD_000572,,,,,
,,,,,,,,ORD_000573,,,,,
,,,,,,,,ORD_000574,,,,,
,,,,,,,,ORD_000575,,,,,
,,,,,,,,ORD_000576,,,,,
,,,,,,,,ORD_000577,,,,,
,,,,,,,,ORD_000578,,,,,
,,,,,,,,ORD_000579,,,,,
,,,,,,,,ORD_000580,,,,,
,,,,,,,,ORD_000581,,,,,
,,,,,,,,ORD_000582,,,,,
,,,,,,,,ORD_000583,,,,,
,,,,,,,,ORD_000584,,,,,
,,,,,,,,ORD_000585,,,,,
,,,,,,,,ORD_000586,,,,,
,,,,,,,,ORD_000587,,,,,
,,,,,,,,ORD_000588,,,,,
,,,,,,,,ORD_000589,,,,,
,,,,,,,,ORD_000590,,,,,
,,,,,,,,ORD_000591,,,,,
,,,,,,,,ORD_000592,,,,,
,,,,,,,,ORD_000593,,,,,
,,,,,,,,ORD_000594,,,,,
,,,,,,,,ORD_000595,,,,,
,,,,,,,,ORD_000596,,,,,
,,,,,,,,ORD_000597,,,,,
,,,,,,,,ORD_000598,,,,,
,,,,,,,,ORD_000599,,,,,
,,,,,,,,ORD_000600,,,,,
,,,,,,,,ORD_000601,,,,,
,,,,,,,,ORD_000602,,,,,
,,,,,,,,ORD_000603,,,,,
,,,,,,,,ORD_000604,,,,,
,,,,,,,,ORD_000605,,,,,
,,,,,,,,ORD_000606,,,,,
,,,,,,,,ORD_000607,,,,,
,,,,,,,,ORD_000608,,,,,
,,,,,,,,ORD_000609,,,,,
,,,,,,,,ORD_000610,,,,,
,,,,,,,,ORD_000611,,,,,
,,,,,,,,ORD_000612,,,,,
,,,,,,,,ORD_000613,,,,,
,,,,,,,,ORD_000614,,,,,
,,,,,,,,ORD_000615,,,,,
,,,,,,,,ORD_000616,,,,,
,,,,,,,,ORD_000617,,,,,
,,,,,,,,ORD_000618,,,,,
,,,,,,,,ORD_000619,,,,,
,,,,,,,,ORD_000620,,,,,
,,,,,,,,ORD_000621,,,,,
,,,,,,,,ORD_000622,,,,,
,,,,,,,,ORD_000623,,,,,
,,,,,,,,ORD_000624,,,,,
,,,,,,,,ORD_000625,,,,,
,,,,,,,,ORD_000626,,,,,
,,,,,,,,ORD_000627,,,,,
,,,,,,,,ORD_000628,,,,,
,,,,,,,,ORD_000629,,,,,
,,,,,,,,ORD_000630,,,,,
,,,,,,,,ORD_000631,,,,,
,,,,,,,,ORD_000632,,,,,
,,,,,,,,ORD_000633,,,,,
,,,,,,,,ORD_000634,,,,,
,,,,,,,,ORD_000635,,,,,
,,,,,,,,ORD_000636,,,,,
,,,,,,,,ORD_000637,,,,,
,,,,,,,,ORD_000638,,,,,
,,,,,,,,ORD_000639,,,,,
,,,,,,,,ORD_000640,,,,,
,,,,,,,,ORD_000641,,,,,
,,,,,,,,ORD_000642,,,,,
,,,,,,,,ORD_000643,,,,,
,,,,,,,,ORD_000644,,,,,
,,,,,,,,ORD_000645,,,,,
,,,,,,,,ORD_000646,,,,,
,,,,,,,,ORD_000647,,,,,
,,,,,,,,ORD_000648,,,,,
,,,,,,,,ORD_000649,,,,,
,,,,,,,,ORD_000650,,,,,
,,,,,,,,ORD_000651,,,,,
,,,,,,,,ORD_000652,,,,,
,,,,,,,,ORD_000653,,,,,
,,,,,,,,ORD_000654,,,,,
,,,,,,,,ORD_000655,,,,,
,,,,,,,,ORD_000656,,,,,
,,,,,,,,ORD_000657,,,,,
,,,,,,,,ORD_000658,,,,,
,,,,,,,,ORD_000659,,,,,
,,,,,,,,ORD_000660,,,,,
,,,,,,,,ORD_000661,,,,,
,,,,,,,,ORD_000662,,,,,
,,,,,,,,ORD_000663,,,,,
,,,,,,,,ORD_000664,,,,,
,,,,,,,,ORD_000665,,,,,
,,,,,,,,ORD_000666,,,,,
,,,,,,,,ORD_000667,,,,,
,,,,,,,,ORD_000668,,,,,
,,,,,,,,ORD_000669,,,,,
,,,,,,,,ORD_000670,,,,,
,,,,,,,,ORD_000671,,,,,
,,,,,,,,ORD_000672,,,,,
,,,,,,,,ORD_000673,,,,,
,,,,,,,,ORD_000674,,,,,
,,,,,,,,ORD_000675,,,,,
,,,,,,,,ORD_000676,,,,,
,,,,,,,,ORD_000677,,,,,
,,,,,,,,ORD_000678,,,,,
,,,,,,,,ORD_000679,,,,,
,,,,,,,,ORD_000680,,,,,
,,,,,,,,ORD_000681,,,,,
,,,,,,,,ORD_000682,,,,,
,,,,,,,,ORD_000683,,,,,
,,,,,,,,ORD_000684,,,,,
,,,,,,,,ORD_000685,,,,,
,,,,,,,,ORD_000686,,,,,
,,,,,,,,ORD_000687,,,,,
,,,,,,,,ORD_000688,,,,,
,,,,,,,,ORD_000689,,,,,
,,,,,,,,ORD_000690,,,,,
,,,,,,,,ORD_000691,,,,,
,,,,,,,,ORD_000692,,,,,
,,,,,,,,ORD_000693,,,,,
,,,,,,,,ORD_000694,,,,,
,,,,,,,,ORD_000695,,,,,
,,,,,,,,ORD_000696,,,,,
,,,,,,,,ORD_000697,,,,,
,,,,,,,,ORD_000698,,,,,
,,,,,,,,ORD_000699,,,,,
,,,,,,,,ORD_000700,,,,,
,,,,,,,,ORD_000701,,,,,
,,,,,,,,ORD_000702,,,,,
,,,,,,,,ORD_000703,,,,,
,,,,,,,,ORD_000704,,,,,
,,,,,,,,ORD_000705,,,,,
,,,,,,,,ORD_000706,,,,,
,,,,,,,,ORD_000707,,,,,
,,,,,,,,ORD_000708,,,,,
,,,,,,,,ORD_000709,,,,,
,,,,,,,,ORD_000710,,,,,
,,,,,,,,ORD_000711,,,,,
,,,,,,,,ORD_000712,,,,,
,,,,,,,,ORD_000713,,,,,
,,,,,,,,ORD_000714,,,,,
,,,,,,,,ORD_000715,,,,,
,,,,,,,,ORD_000716,,,,,
,,,,,,,,ORD_000717,,,,,
,,,,,,,,ORD_000718,,,,,
,,,,,,,,ORD_000719,,,,,
,,,,,,,,ORD_000720,,,,,
,,,,,,,,ORD_000721,,,,,
,,,,,,,,ORD_000722,,,,,
,,,,,,,,ORD_000723,,,,,
,,,,,,,,ORD_000724,,,,,
,,,,,,,,ORD_000725,,,,,
,,,,,,,,ORD_000726,,,,,
,,,,,,,,ORD_000727,,,,,
,,,,,,,,ORD_000728,,,,,
,,,,,,,,ORD_000729,,,,,
,,,,,,,,ORD_000730,,,,,
,,,,,,,,ORD_000731,,,,,
,,,,,,,,ORD_000732,,,,,
,,,,,,,,ORD_000733,,,,,
,,,,,,,,ORD_000734,,,,,
,,,,,,,,ORD_000735,,,,,
,,,,,,,,ORD_000736,,,,,
,,,,,,,,ORD_000737,,,,,
,,,,,,,,ORD_000738,,,,,
,,,,,,,,ORD_000739,,,,,
,,,,,,,,ORD_000740,,,,,
,,,,,,,,ORD_000741,,,,,
,,,,,,,,ORD_000742,,,,,
,,,,,,,,ORD_000743,,,,,
,,,,,,,,ORD_000744,,,,,
,,,,,,,,ORD_000745,,,,,
,,,,,,,,ORD_000746,,,,,
,,,,,,,,ORD_000747,,,,,
,,,,,,,,ORD_000748,,,,,
,,,,,,,,ORD_000749,,,,,
,,,,,,,,ORD_000750,,,,,
,,,,,,,,ORD_000751,,,,,
,,,,,,,,ORD_000752,,,,,
,,,,,,,,ORD_000753,,,,,
,,,,,,,,ORD_000754,,,,,
,,,,,,,,ORD_000755,,,,,
,,,,,,,,ORD_000756,,,,,
,,,,,,,,ORD_000757,,,,,
,,,,,,,,ORD_000758,,,,,
,,,,,,,,ORD_000759,,,,,
,,,,,,,,ORD_000760,,,,,
,,,,,,,,ORD_000761,,,,,
,,,,,,,,ORD_000762,,,,,
,,,,,,,,ORD_000763,,,,,
,,,,,,,,ORD_000764,,,,,
,,,,,,,,ORD_000765,,,,,
,,,,,,,,ORD_000766,,,,,
,,,,,,,,ORD_000767,,,,,
,,,,,,,,ORD_000768,,,,,
,,,,,,,,ORD_000769,,,,,
,,,,,,,,ORD_000770,,,,,
,,,,,,,,ORD_000771,,,,,
,,,,,,,,ORD_000772,,,,,
,,,,,,,,ORD_000773,,,,,
,,,,,,,,ORD_000774,,,,,
,,,,,,,,ORD_000775,,,,,
,,,,,,,,ORD_000776,,,,,
,,,,,,,,ORD_000777,,,,,
,,,,,,,,ORD_000778,,,,,
,,,,,,,,ORD_000779,,,,,
,,,,,,,,ORD_000780,,,,,
,,,,,,,,ORD_000781,,,,,
,,,,,,,,ORD_000782,,,,,
,,,,,,,,ORD_000783,,,,,
,,,,,,,,ORD_000784,,,,,
,,,,,,,,ORD_000785,,,,,
,,,,,,,,ORD_000786,,,,,
,,,,,,,,ORD_000787,,,,,
,,,,,,,,ORD_000788,,,,,
,,,,,,,,ORD_000789,,,,,
,,,,,,,,ORD_000790,,,,,
,,,,,,,,ORD_000791,,,,,
,,,,,,,,ORD_000792,,,,,
,,,,,,,,ORD_000793,,,,,
,,,,,,,,ORD_000794,,,,,
,,,,,,,,ORD_000795,,,,,
,,,,,,,,ORD_000796,,,,,
,,,,,,,,ORD_000797,,,,,
,,,,,,,,ORD_000798,,,,,
,,,,,,,,ORD_000799,,,,,
,,,,,,,,ORD_000800,,,,,
,,,,,,,,ORD_000801,,,,,
,,,,,,,,ORD_000802,,,,,
,,,,,,,,ORD_000803,,,,,
,,,,,,,,ORD_000804,,,,,
,,,,,,,,ORD_000805,,,,,
,,,,,,,,ORD_000806,,,,,
,,,,,,,,ORD_000807,,,,,
,,,,,,,,ORD_000808,,,,,
,,,,,,,,ORD_000809,,,,,
,,,,,,,,ORD_000810,,,,,
,,,,,,,,ORD_000811,,,,,
,,,,,,,,ORD_000812,,,,,
,,,,,,,,ORD_000813,,,,,
,,,,,,,,ORD_000814,,,,,
,,,,,,,,ORD_000815,,,,,
,,,,,,,,ORD_000816,,,,,
,,,,,,,,ORD_000817,,,,,
,,,,,,,,ORD_000818,,,,,
,,,,,,,,ORD_000819,,,,,
,,,,,,,,ORD_000820,,,,,
,,,,,,,,ORD_000821,,,,,
,,,,,,,,ORD_000822,,,,,
,,,,,,,,ORD_000823,,,,,
,,,,,,,,ORD_000824,,,,,
,,,,,,,,ORD_000825,,,,,
,,,,,,,,ORD_000826,,,,,
,,,,,,,,ORD_000827,,,,,
,,,,,,,,ORD_000828,,,,,
,,,,,,,,ORD_000829,,,,,
,,,,,,,,ORD_000830,,,,,
,,,,,,,,ORD_000831,,,,,
,,,,,,,,ORD_000832,,,,,
,,,,,,,,ORD_000833,,,,,
,,,,,,,,ORD_000834,,,,,
,,,,,,,,ORD_000835,,,,,
,,,,,,,,ORD_000836,,,,,
,,,,,,,,ORD_000837,,,,,
,,,,,,,,ORD_000838,,,,,
,,,,,,,,ORD_000839,,,,,
,,,,,,,,ORD_000840,,,,,
,,,,,,,,ORD_000841,,,,,
,,,,,,,,ORD_000842,,,,,
,,,,,,,,ORD_000843,,,,,
,,,,,,,,ORD_000844,,,,,
,,,,,,,,ORD_000845,,,,,
,,,,,,,,ORD_000846,,,,,
,,,,,,,,ORD_000847,,,,,
,,,,,,,,ORD_000848,,,,,
,,,,,,,,ORD_000849,,,,,
,,,,,,,,ORD_000850,,,,,
,,,,,,,,ORD_000851,,,,,
,,,,,,,,ORD_000852,,,,,
,,,,,,,,ORD_000853,,,,,
,,,,,,,,ORD_000854,,,,,
,,,,,,,,ORD_000855,,,,,
,,,,,,,,ORD_000856,,,,,
,,,,,,,,ORD_000857,,,,,
,,,,,,,,ORD_000858,,,,,
,,,,,,,,ORD_000859,,,,,
,,,,,,,,ORD_000860,,,,,
,,,,,,,,ORD_000861,,,,,
,,,,,,,,ORD_000862,,,,,
,,,,,,,,ORD_000863,,,,,
,,,,,,,,ORD_000864,,,,,
,,,,,,,,ORD_000865,,,,,
,,,,,,,,ORD_000866,,,,,
,,,,,,,,ORD_000867,,,,,
,,,,,,,,ORD_000868,,,,,
,,,,,,,,ORD_000869,,,,,
,,,,,,,,ORD_000870,,,,,
,,,,,,,,ORD_000871,,,,,
,,,,,,,,ORD_000872,,,,,
,,,,,,,,ORD_000873,,,,,
,,,,,,,,ORD_000874,,,,,
,,,,,,,,ORD_000875,,,,,
,,,,,,,,ORD_000876,,,,,
,,,,,,,,ORD_000877,,,,,
,,,,,,,,ORD_000878,,,,,
,,,,,,,,ORD_000879,,,,,
,,,,,,,,ORD_000880,,,,,
,,,,,,,,ORD_000881,,,,,
,,,,,,,,ORD_000882,,,,,
,,,,,,,,ORD_000883,,,,,
,,,,,,,,ORD_000884,,,,,
,,,,,,,,ORD_000885,,,,,
,,,,,,,,ORD_000886,,,,,
,,,,,,,,ORD_000887,,,,,
,,,,,,,,ORD_000888,,,,,
,,,,,,,,ORD_000889,,,,,
,,,,,,,,ORD_000890,,,,,
,,,,,,,,ORD_000891,,,,,
,,,,,,,,ORD_000892,,,,,
,,,,,,,,ORD_000893,,,,,
,,,,,,,,ORD_000894,,,,,
,,,,,,,,ORD_000895,,,,,
,,,,,,,,ORD_000896,,,,,
,,,,,,,,ORD_000897,,,,,
,,,,,,,,ORD_000898,,,,,
,,,,,,,,ORD_000899,,,,,
,,,,,,,,ORD_000900,,,,,
,,,,,,,,ORD_000901,,,,,
,,,,,,,,ORD_000902,,,,,
,,,,,,,,ORD_000903,,,,,
,,,,,,,,ORD_000904,,,,,
,,,,,,,,ORD_000905,,,,,
,,,,,,,,ORD_000906,,,,,
,,,,,,,,ORD_000907,,,,,
,,,,,,,,ORD_000908,,,,,
,,,,,,,,ORD_000909,,,,,
,,,,,,,,ORD_000910,,,,,
,,,,,,,,ORD_000911,,,,,
,,,,,,,,ORD_000912,,,,,
,,,,,,,,ORD_000913,,,,,
,,,,,,,,ORD_000914,,,,,
,,,,,,,,ORD_000915,,,,,
,,,,,,,,ORD_000916,,,,,
,,,,,,,,ORD_000917,,,,,
,,,,,,,,ORD_000918,,,,,
,,,,,,,,ORD_000919,,,,,
,,,,,,,,ORD_000920,,,,,
,,,,,,,,ORD_000921,,,,,
,,,,,,,,ORD_000922,,,,,
,,,,,,,,ORD_000923,,,,,
,,,,,,,,ORD_000924,,,,,
,,,,,,,,ORD_000925,,,,,
,,,,,,,,ORD_000926,,,,,
,,,,,,,,ORD_000927,,,,,
,,,,,,,,ORD_000928,,,,,
,,,,,,,,ORD_000929,,,,,
,,,,,,,,ORD_000930,,,,,
,,,,,,,,ORD_000931,,,,,
,,,,,,,,ORD_000932,,,,,
,,,,,,,,ORD_000933,,,,,
,,,,,,,,ORD_000934,,,,,
,,,,,,,,ORD_000935,,,,,
,,,,,,,,ORD_000936,,,,,
,,,,,,,,ORD_000937,,,,,
,,,,,,,,ORD_000938,,,,,
,,,,,,,,ORD_000939,,,,,
,,,,,,,,ORD_000940,,,,,
,,,,,,,,ORD_000941,,,,,
,,,,,,,,ORD_000942,,,,,
,,,,,,,,ORD_000943,,,,,
,,,,,,,,ORD_000944,,,,,
,,,,,,,,ORD_000945,,,,,
,,,,,,,,ORD_000946,,,,,
,,,,,,,,ORD_000947,,,,,
,,,,,,,,ORD_000948,,,,,
,,,,,,,,ORD_000949,,,,,
,,,,,,,,ORD_000950,,,,,
,,,,,,,,ORD_000951,,,,,
,,,,,,,,ORD_000952,,,,,
,,,,,,,,ORD_000953,,,,,
,,,,,,,,ORD_000954,,,,,
,,,,,,,,ORD_000955,,,,,
,,,,,,,,ORD_000956,,,,,
,,,,,,,,ORD_000957,,,,,
,,,,,,,,ORD_000958,,,,,
,,,,,,,,ORD_000959,,,,,
,,,,,,,,ORD_000960,,,,,
,,,,,,,,ORD_000961,,,,,
,,,,,,,,ORD_000962,,,,,
,,,,,,,,ORD_000963,,,,,
,,,,,,,,ORD_000964,,,,,
,,,,,,,,ORD_000965,,,,,
,,,,,,,,ORD_000966,,,,,
,,,,,,,,ORD_000967,,,,,
,,,,,,,,ORD_000968,,,,,
,,,,,,,,ORD_000969,,,,,
,,,,,,,,ORD_000970,,,,,
,,,,,,,,ORD_000971,,,,,
,,,,,,,,ORD_000972,,,,,
,,,,,,,,ORD_000973,,,,,
,,,,,,,,ORD_000974,,,,,
,,,,,,,,ORD_000975,,,,,
,,,,,,,,ORD_000976,,,,,
,,,,,,,,ORD_000977,,,,,
,,,,,,,,ORD_000978,,,,,
,,,,,,,,ORD_000979,,,,,
,,,,,,,,ORD_000980,,,,,
,,,,,,,,ORD_000981,,,,,
,,,,,,,,ORD_000982,,,,,
,,,,,,,,ORD_000983,,,,,
,,,,,,,,ORD_000984,,,,,
,,,,,,,,ORD_000985,,,,,
,,,,,,,,ORD_000986,,,,,
,,,,,,,,ORD_000987,,,,,
,,,,,,,,ORD_000988,,,,,
,,,,,,,,ORD_000989,,,,,
,,,,,,,,ORD_000990,,,,,
,,,,,,,,ORD_000991,,,,,
,,,,,,,,ORD_000992,,,,,
,,,,,,,,ORD_000993,,,,,
,,,,,,,,ORD_000994,,,,,
,,,,,,,,ORD_000995,,,,,
,,,,,,,,ORD_000996,,,,,
,,,,,,,,ORD_000997,,,,,
,,,,,,,,ORD_000998,,,,,
,,,,,,,,ORD_000999,,,,,
,,,,,,,,ORD_001000,,,,,
,,,,,,,,ORD_001001,,,,,
,,,,,,,,ORD_001002,,,,,
,,,,,,,,ORD_001003,,,,,
,,,,,,,,ORD_001004,,,,,
,,,,,,,,ORD_001005,,,,,
,,,,,,,,ORD_001006,,,,,
,,,,,,,,ORD_001007,,,,,
,,,,,,,,ORD_001008,,,,,
,,,,,,,,ORD_001009,,,,,
,,,,,,,,ORD_001010,,,,,
,,,,,,,,ORD_001011,,,,,
,,,,,,,,ORD_001012,,,,,
,,,,,,,,ORD_001013,,,,,
,,,,,,,,ORD_001014,,,,,
,,,,,,,,ORD_001015,,,,,
,,,,,,,,ORD_001016,,,,,
,,,,,,,,ORD_001017,,,,,
,,,,,,,,ORD_001018,,,,,
,,,,,,,,ORD_001019,,,,,
,,,,,,,,ORD_001020,,,,,
,,,,,,,,ORD_001021,,,,,
,,,,,,,,ORD_001022,,,,,
,,,,,,,,ORD_001023,,,,,
,,,,,,,,ORD_001024,,,,,
,,,,,,,,ORD_001025,,,,,
,,,,,,,,ORD_001026,,,,,
,,,,,,,,ORD_001027,,,,,
,,,,,,,,ORD_001028,,,,,
,,,,,,,,ORD_001029,,,,,
,,,,,,,,ORD_001030,,,,,
,,,,,,,,ORD_001031,,,,,
,,,,,,,,ORD_001032,,,,,
,,,,,,,,ORD_001033,,,,,
,,,,,,,,ORD_001034,,,,,
,,,,,,,,ORD_001035,,,,,
,,,,,,,,ORD_001036,,,,,
,,,,,,,,ORD_001037,,,,,
,,,,,,,,ORD_001038,,,,,
,,,,,,,,ORD_001039,,,,,
,,,,,,,,ORD_001040,,,,,
,,,,,,,,ORD_001041,,,,,
,,,,,,,,ORD_001042,,,,,
,,,,,,,,ORD_001043,,,,,
,,,,,,,,ORD_001044,,,,,
,,,,,,,,ORD_001045,,,,,
,,,,,,,,ORD_001046,,,,,
,,,,,,,,ORD_001047,,,,,
,,,,,,,,ORD_001048,,,,,
,,,,,,,,ORD_001049,,,,,
,,,,,,,,ORD_001050,,,,,
,,,,,,,,ORD_001051,,,,,
,,,,,,,,ORD_001052,,,,,
,,,,,,,,ORD_001053,,,,,
,,,,,,,,ORD_001054,,,,,
,,,,,,,,ORD_001055,,,,,
,,,,,,,,ORD_001056,,,,,
,,,,,,,,ORD_001057,,,,,
,,,,,,,,ORD_001058,,,,,
,,,,,,,,ORD_001059,,,,,
,,,,,,,,ORD_001060,,,,,
,,,,,,,,ORD_001061,,,,,
,,,,,,,,ORD_001062,,,,,
,,,,,,,,ORD_001063,,,,,
,,,,,,,,ORD_001064,,,,,
,,,,,,,,ORD_001065,,,,,
,,,,,,,,ORD_001066,,,,,
,,,,,,,,ORD_001067,,,,,
,,,,,,,,ORD_001068,,,,,
,,,,,,,,ORD_001069,,,,,
,,,,,,,,ORD_001070,,,,,
,,,,,,,,ORD_001071,,,,,
,,,,,,,,ORD_001072,,,,,
,,,,,,,,ORD_001073,,,,,
,,,,,,,,ORD_001074,,,,,
,,,,,,,,ORD_001075,,,,,
,,,,,,,,ORD_001076,,,,,
,,,,,,,,ORD_001077,,,,,
,,,,,,,,ORD_001078,,,,,
,,,,,,,,ORD_001079,,,,,
,,,,,,,,ORD_001080,,,,,
,,,,,,,,ORD_001081,,,,,
,,,,,,,,ORD_001082,,,,,
,,,,,,,,ORD_001083,,,,,
,,,,,,,,ORD_001084,,,,,
,,,,,,,,ORD_001085,,,,,
,,,,,,,,ORD_001086,,,,,
,,,,,,,,ORD_001087,,,,,
,,,,,,,,ORD_001088,,,,,
,,,,,,,,ORD_001089,,,,,
,,,,,,,,ORD_001090,,,,,
,,,,,,,,ORD_001091,,,,,
,,,,,,,,ORD_001092,,,,,
,,,,,,,,ORD_001093,,,,,
,,,,,,,,ORD_001094,,,,,
,,,,,,,,ORD_001095,,,,,
,,,,,,,,ORD_001096,,,,,
,,,,,,,,ORD_001097,,,,,
,,,,,,,,ORD_001098,,,,,
,,,,,,,,ORD_001099,,,,,
,,,,,,,,ORD_001100,,,,,
,,,,,,,,ORD_001101,,,,,
,,,,,,,,ORD_001102,,,,,
,,,,,,,,ORD_001103,,,,,
,,,,,,,,ORD_001104,,,,,
,,,,,,,,ORD_001105,,,,,
,,,,,,,,ORD_001106,,,,,
,,,,,,,,ORD_001107,,,,,
,,,,,,,,ORD_001108,,,,,
,,,,,,,,ORD_001109,,,,,
,,,,,,,,ORD_001110,,,,,
,,,,,,,,ORD_001111,,,,,
,,,,,,,,ORD_001112,,,,,
,,,,,,,,ORD_001113,,,,,
,,,,,,,,ORD_001114,,,,,
,,,,,,,,ORD_001115,,,,,
,,,,,,,,ORD_001116,,,,,
,,,,,,,,ORD_001117,,,,,
,,,,,,,,ORD_001118,,,,,
,,,,,,,,ORD_001119,,,,,
,,,,,,,,ORD_001120,,,,,
,,,,,,,,ORD_001121,,,,,
,,,,,,,,ORD_001122,,,,,
,,,,,,,,ORD_001123,,,,,
,,,,,,,,ORD_001124,,,,,
,,,,,,,,ORD_001125,,,,,
,,,,,,,,ORD_001126,,,,,
,,,,,,,,ORD_001127,,,,,
,,,,,,,,ORD_001128,,,,,
,,,,,,,,ORD_001129,,,,,
,,,,,,,,ORD_001130,,,,,
,,,,,,,,ORD_001131,,,,,
,,,,,,,,ORD_001132,,,,,
,,,,,,,,ORD_001133,,,,,
,,,,,,,,ORD_001134,,,,,
,,,,,,,,ORD_001135,,,,,
,,,,,,,,ORD_001136,,,,,
,,,,,,,,ORD_001137,,,,,
,,,,,,,,ORD_001138,,,,,
,,,,,,,,ORD_001139,,,,,
,,,,,,,,ORD_001140,,,,,
,,,,,,,,ORD_001141,,,,,
,,,,,,,,ORD_001142,,,,,
,,,,,,,,ORD_001143,,,,,
,,,,,,,,ORD_001144,,,,,
,,,,,,,,ORD_001145,,,,,
,,,,,,,,ORD_001146,,,,,
,,,,,,,,ORD_001147,,,,,
,,,,,,,,ORD_001148,,,,,
,,,,,,,,ORD_001149,,,,,
,,,,,,,,ORD_001150,,,,,
,,,,,,,,ORD_001151,,,,,
,,,,,,,,ORD_001152,,,,,
,,,,,,,,ORD_001153,,,,,
,,,,,,,,ORD_001154,,,,,
,,,,,,,,ORD_001155,,,,,
,,,,,,,,ORD_001156,,,,,
,,,,,,,,ORD_001157,,,,,
,,,,,,,,ORD_001158,,,,,
,,,,,,,,ORD_001159,,,,,
,,,,,,,,ORD_001160,,,,,
,,,,,,,,ORD_001161,,,,,
,,,,,,,,ORD_001162,,,,,
,,,,,,,,ORD_001163,,,,,
,,,,,,,,ORD_001164,,,,,
,,,,,,,,ORD_001165,,,,,
,,,,,,,,ORD_001166,,,,,
,,,,,,,,ORD_001167,,,,,
,,,,,,,,ORD_001168,,,,,
,,,,,,,,ORD_001169,,,,,
,,,,,,,,ORD_001170,,,,,
,,,,,,,,ORD_001171,,,,,
,,,,,,,,ORD_001172,,,,,
,,,,,,,,ORD_001173,,,,,
,,,,,,,,ORD_001174,,,,,
,,,,,,,,ORD_001175,,,,,
,,,,,,,,ORD_001176,,,,,
,,,,,,,,ORD_001177,,,,,
,,,,,,,,ORD_001178,,,,,
,,,,,,,,ORD_001179,,,,,
,,,,,,,,ORD_001180,,,,,
,,,,,,,,ORD_001181,,,,,
,,,,,,,,ORD_001182,,,,,
,,,,,,,,ORD_001183,,,,,
,,,,,,,,ORD_001184,,,,,
,,,,,,,,ORD_001185,,,,,
,,,,,,,,ORD_001186,,,,,
,,,,,,,,ORD_001187,,,,,
,,,,,,,,ORD_001188,,,,,
,,,,,,,,ORD_001189,,,,,
,,,,,,,,ORD_001190,,,,,
,,,,,,,,ORD_001191,,,,,
,,,,,,,,ORD_001192,,,,,
,,,,,,,,ORD_001193,,,,,
,,,,,,,,ORD_001194,,,,,
,,,,,,,,ORD_001195,,,,,
,,,,,,,,ORD_001196,,,,,
,,,,,,,,ORD_001197,,,,,
,,,,,,,,ORD_001198,,,,,
,,,,,,,,ORD_001199,,,,,
,,,,,,,,ORD_001200,,,,,
,,,,,,,,ORD_001201,,,,,
,,,,,,,,ORD_001202,,,,,
,,,,,,,,ORD_001203,,,,,
,,,,,,,,ORD_001204,,,,,
,,,,,,,,ORD_001205,,,,,
,,,,,,,,ORD_001206,,,,,
,,,,,,,,ORD_001207,,,,,
,,,,,,,,ORD_001208,,,,,
,,,,,,,,ORD_001209,,,,,
,,,,,,,,ORD_001210,,,,,
,,,,,,,,ORD_001211,,,,,
,,,,,,,,ORD_001212,,,,,
,,,,,,,,ORD_001213,,,,,
,,,,,,,,ORD_001214,,,,,
,,,,,,,,ORD_001215,,,,,
,,,,,,,,ORD_001216,,,,,
,,,,,,,,ORD_001217,,,,,
,,,,,,,,ORD_001218,,,,,
,,,,,,,,ORD_001219,,,,,
,,,,,,,,ORD_001220,,,,,
,,,,,,,,ORD_001221,,,,,
,,,,,,,,ORD_001222,,,,,
,,,,,,,,ORD_001223,,,,,
,,,,,,,,ORD_001224,,,,,
,,,,,,,,ORD_001225,,,,,
,,,,,,,,ORD_001226,,,,,
,,,,,,,,ORD_001227,,,,,
,,,,,,,,ORD_001228,,,,,
,,,,,,,,ORD_001229,,,,,
,,,,,,,,ORD_001230,,,,,
,,,,,,,,ORD_001231,,,,,
,,,,,,,,ORD_001232,,,,,
,,,,,,,,ORD_001233,,,,,
,,,,,,,,ORD_001234,,,,,
,,,,,,,,ORD_001235,,,,,
,,,,,,,,ORD_001236,,,,,
,,,,,,,,ORD_001237,,,,,
,,,,,,,,ORD_001238,,,,,
,,,,,,,,ORD_001239,,,,,
,,,,,,,,ORD_001240,,,,,
,,,,,,,,ORD_001241,,,,,
,,,,,,,,ORD_001242,,,,,
,,,,,,,,ORD_001243,,,,,
,,,,,,,,ORD_001244,,,,,
,,,,,,,,ORD_001245,,,,,
,,,,,,,,ORD_001246,,,,,
,,,,,,,,ORD_001247,,,,,
,,,,,,,,ORD_001248,,,,,
,,,,,,,,ORD_001249,,,,,
,,,,,,,,ORD_001250,,,,,
,,,,,,,,ORD_001251,,,,,
,,,,,,,,ORD_001252,,,,,
,,,,,,,,ORD_001253,,,,,
,,,,,,,,ORD_001254,,,,,
,,,,,,,,ORD_001255,,,,,
,,,,,,,,ORD_001256,,,,,
,,,,,,,,ORD_001257,,,,,
,,,,,,,,ORD_001258,,,,,
,,,,,,,,ORD_001259,,,,,
,,,,,,,,ORD_001260,,,,,
,,,,,,,,ORD_001261,,,,,
,,,,,,,,ORD_001262,,,,,
,,,,,,,,ORD_001263,,,,,
,,,,,,,,ORD_001264,,,,,
,,,,,,,,ORD_001265,,,,,
,,,,,,,,ORD_001266,,,,,
,,,,,,,,ORD_001267,,,,,
,,,,,,,,ORD_001268,,,,,
,,,,,,,,ORD_001269,,,,,
,,,,,,,,ORD_001270,,,,,
,,,,,,,,ORD_001271,,,,,
,,,,,,,,ORD_001272,,,,,
,,,,,,,,ORD_001273,,,,,
,,,,,,,,ORD_001274,,,,,
,,,,,,,,ORD_001275,,,,,
,,,,,,,,ORD_001276,,,,,
,,,,,,,,ORD_001277,,,,,
,,,,,,,,ORD_001278,,,,,
,,,,,,,,ORD_001279,,,,,
,,,,,,,,ORD_001280,,,,,
,,,,,,,,ORD_001281,,,,,
,,,,,,,,ORD_001282,,,,,
,,,,,,,,ORD_001283,,,,,
,,,,,,,,ORD_001284,,,,,
,,,,,,,,ORD_001285,,,,,
,,,,,,,,ORD_001286,,,,,
,,,,,,,,ORD_001287,,,,,
,,,,,,,,ORD_001288,,,,,
,,,,,,,,ORD_001289,,,,,
,,,,,,,,ORD_001290,,,,,
,,,,,,,,ORD_001291,,,,,
,,,,,,,,ORD_001292,,,,,
,,,,,,,,ORD_001293,,,,,
,,,,,,,,ORD_001294,,,,,
,,,,,,,,ORD_001295,,,,,
,,,,,,,,ORD_001296,,,,,
,,,,,,,,ORD_001297,,,,,
,,,,,,,,ORD_001298,,,,,
,,,,,,,,ORD_001299,,,,,
,,,,,,,,ORD_001300,,,,,
,,,,,,,,ORD_001301,,,,,
,,,,,,,,ORD_001302,,,,,
,,,,,,,,ORD_001303,,,,,
,,,,,,,,ORD_001304,,,,,
,,,,,,,,ORD_001305,,,,,
,,,,,,,,ORD_001306,,,,,
,,,,,,,,ORD_001307,,,,,
,,,,,,,,ORD_001308,,,,,
,,,,,,,,ORD_001309,,,,,
,,,,,,,,ORD_001310,,,,,
,,,,,,,,ORD_001311,,,,,
,,,,,,,,ORD_001312,,,,,
,,,,,,,,ORD_001313,,,,,
,,,,,,,,ORD_001314,,,,,
,,,,,,,,ORD_001315,,,,,
,,,,,,,,ORD_001316,,,,,
,,,,,,,,ORD_001317,,,,,
,,,,,,,,ORD_001318,,,,,
,,,,,,,,ORD_001319,,,,,
,,,,,,,,ORD_001320,,,,,
,,,,,,,,ORD_001321,,,,,
,,,,,,,,ORD_001322,,,,,
,,,,,,,,ORD_001323,,,,,
,,,,,,,,ORD_001324,,,,,
,,,,,,,,ORD_001325,,,,,
,,,,,,,,ORD_001326,,,,,
,,,,,,,,ORD_001327,,,,,
,,,,,,,,ORD_001328,,,,,
,,,,,,,,ORD_001329,,,,,
,,,,,,,,ORD_001330,,,,,
,,,,,,,,ORD_001331,,,,,
,,,,,,,,ORD_001332,,,,,
,,,,,,,,ORD_001333,,,,,
,,,,,,,,ORD_001334,,,,,
,,,,,,,,ORD_001335,,,,,
,,,,,,,,ORD_001336,,,,,
,,,,,,,,ORD_001337,,,,,
,,,,,,,,ORD_001338,,,,,
,,,,,,,,ORD_001339,,,,,
,,,,,,,,ORD_001340,,,,,
,,,,,,,,ORD_001341,,,,,
,,,,,,,,ORD_001342,,,,,
,,,,,,,,ORD_001343,,,,,
,,,,,,,,ORD_001344,,,,,
,,,,,,,,ORD_001345,,,,,
,,,,,,,,ORD_001346,,,,,
,,,,,,,,ORD_001347,,,,,
,,,,,,,,ORD_001348,,,,,
,,,,,,,,ORD_001349,,,,,
,,,,,,,,ORD_001350,,,,,
,,,,,,,,ORD_001351,,,,,
,,,,,,,,ORD_001352,,,,,
,,,,,,,,ORD_001353,,,,,
,,,,,,,,ORD_001354,,,,,
,,,,,,,,ORD_001355,,,,,
,,,,,,,,ORD_001356,,,,,
,,,,,,,,ORD_001357,,,,,
,,,,,,,,ORD_001358,,,,,
,,,,,,,,ORD_001359,,,,,
,,,,,,,,ORD_001360,,,,,
,,,,,,,,ORD_001361,,,,,
,,,,,,,,ORD_001362,,,,,
,,,,,,,,ORD_001363,,,,,
,,,,,,,,ORD_001364,,,,,
,,,,,,,,ORD_001365,,,,,
,,,,,,,,ORD_001366,,,,,
,,,,,,,,ORD_001367,,,,,
,,,,,,,,ORD_001368,,,,,
,,,,,,,,ORD_001369,,,,,
,,,,,,,,ORD_001370,,,,,
,,,,,,,,ORD_001371,,,,,
,,,,,,,,ORD_001372,,,,,
,,,,,,,,ORD_001373,,,,,
,,,,,,,,ORD_001374,,,,,
,,,,,,,,ORD_001375,,,,,
,,,,,,,,ORD_001376,,,,,
,,,,,,,,ORD_001377,,,,,
,,,,,,,,ORD_001378,,,,,
,,,,,,,,ORD_001379,,,,,
,,,,,,,,ORD_001380,,,,,
,,,,,,,,ORD_001381,,,,,
,,,,,,,,ORD_001382,,,,,
,,,,,,,,ORD_001383,,,,,
,,,,,,,,ORD_001384,,,,,
,,,,,,,,ORD_001385,,,,,
,,,,,,,,ORD_001386,,,,,
,,,,,,,,ORD_001387,,,,,
,,,,,,,,ORD_001388,,,,,
,,,,,,,,ORD_001389,,,,,
,,,,,,,,ORD_001390,,,,,
,,,,,,,,ORD_001391,,,,,
,,,,,,,,ORD_001392,,,,,
,,,,,,,,ORD_001393,,,,,
,,,,,,,,ORD_001394,,,,,
,,,,,,,,ORD_001395,,,,,
,,,,,,,,ORD_001396,,,,,
,,,,,,,,ORD_001397,,,,,
,,,,,,,,ORD_001398,,,,,
,,,,,,,,ORD_001399,,,,,
,,,,,,,,ORD_001400,,,,,
,,,,,,,,ORD_001401,,,,,
,,,,,,,,ORD_001402,,,,,
,,,,,,,,ORD_001403,,,,,
,,,,,,,,ORD_001404,,,,,
,,,,,,,,ORD_001405,,,,,
,,,,,,,,ORD_001406,,,,,
,,,,,,,,ORD_001407,,,,,
,,,,,,,,ORD_001408,,,,,
,,,,,,,,ORD_001409,,,,,
,,,,,,,,ORD_001410,,,,,
,,,,,,,,ORD_001411,,,,,
,,,,,,,,ORD_001412,,,,,
,,,,,,,,ORD_001413,,,,,
,,,,,,,,ORD_001414,,,,,
,,,,,,,,ORD_001415,,,,,
,,,,,,,,ORD_001416,,,,,
,,,,,,,,ORD_001417,,,,,
,,,,,,,,ORD_001418,,,,,
,,,,,,,,ORD_001419,,,,,
,,,,,,,,ORD_001420,,,,,
,,,,,,,,ORD_001421,,,,,
,,,,,,,,ORD_001422,,,,,
,,,,,,,,ORD_001423,,,,,
,,,,,,,,ORD_001424,,,,,
,,,,,,,,ORD_001425,,,,,
,,,,,,,,ORD_001426,,,,,
,,,,,,,,ORD_001427,,,,,
,,,,,,,,ORD_001428,,,,,
,,,,,,,,ORD_001429,,,,,
,,,,,,,,ORD_001430,,,,,
,,,,,,,,ORD_001431,,,,,
,,,,,,,,ORD_001432,,,,,
,,,,,,,,ORD_001433,,,,,
,,,,,,,,ORD_001434,,,,,
,,,,,,,,ORD_001435,,,,,
,,,,,,,,ORD_001436,,,,,
,,,,,,,,ORD_001437,,,,,
,,,,,,,,ORD_001438,,,,,
,,,,,,,,ORD_001439,,,,,
,,,,,,,,ORD_001440,,,,,
,,,,,,,,ORD_001441,,,,,
,,,,,,,,ORD_001442,,,,,
,,,,,,,,ORD_001443,,,,,
,,,,,,,,ORD_001444,,,,,
,,,,,,,,ORD_001445,,,,,
,,,,,,,,ORD_001446,,,,,
,,,,,,,,ORD_001447,,,,,
,,,,,,,,ORD_001448,,,,,
,,,,,,,,ORD_001449,,,,,
,,,,,,,,ORD_001450,,,,,
,,,,,,,,ORD_001451,,,,,
,,,,,,,,ORD_001452,,,,,
,,,,,,,,ORD_001453,,,,,
,,,,,,,,ORD_001454,,,,,
,,,,,,,,ORD_001455,,,,,
,,,,,,,,ORD_001456,,,,,
,,,,,,,,ORD_001457,,,,,
,,,,,,,,ORD_001458,,,,,
,,,,,,,,ORD_001459,,,,,
,,,,,,,,ORD_001460,,,,,
,,,,,,,,ORD_001461,,,,,
,,,,,,,,ORD_001462,,,,,
,,,,,,,,ORD_001463,,,,,
,,,,,,,,ORD_001464,,,,,
,,,,,,,,ORD_001465,,,,,
,,,,,,,,ORD_001466,,,,,
,,,,,,,,ORD_001467,,,,,
,,,,,,,,ORD_001468,,,,,
,,,,,,,,ORD_001469,,,,,
,,,,,,,,ORD_001470,,,,,
,,,,,,,,ORD_001471,,,,,
,,,,,,,,ORD_001472,,,,,
,,,,,,,,ORD_001473,,,,,
,,,,,,,,ORD_001474,,,,,
,,,,,,,,ORD_001475,,,,,
,,,,,,,,ORD_001476,,,,,
,,,,,,,,ORD_001477,,,,,
,,,,,,,,ORD_001478,,,,,
,,,,,,,,ORD_001479,,,,,
,,,,,,,,ORD_001480,,,,,
,,,,,,,,ORD_001481,,,,,
,,,,,,,,ORD_001482,,,,,
,,,,,,,,ORD_001483,,,,,
,,,,,,,,ORD_001484,,,,,
,,,,,,,,ORD_001485,,,,,
,,,,,,,,ORD_001486,,,,,
,,,,,,,,ORD_001487,,,,,
,,,,,,,,ORD_001488,,,,,
,,,,,,,,ORD_001489,,,,,
,,,,,,,,ORD_001490,,,,,
,,,,,,,,ORD_001491,,,,,
,,,,,,,,ORD_001492,,,,,
,,,,,,,,ORD_001493,,,,,
,,,,,,,,ORD_001494,,,,,
,,,,,,,,ORD_001495,,,,,
,,,,,,,,ORD_001496,,,,,
,,,,,,,,ORD_001497,,,,,
,,,,,,,,ORD_001498,,,,,
,,,,,,,,ORD_001499,,,,,
,,,,,,,,ORD_001500,,,,,
,,,,,,,,ORD_001501,,,,,
,,,,,,,,ORD_001502,,,,,
,,,,,,,,ORD_001503,,,,,
,,,,,,,,ORD_001504,,,,,
,,,,,,,,ORD_001505,,,,,
,,,,,,,,ORD_001506,,,,,
,,,,,,,,ORD_001507,,,,,
,,,,,,,,ORD_001508,,,,,
,,,,,,,,ORD_001509,,,,,
,,,,,,,,ORD_001510,,,,,
,,,,,,,,ORD_001511,,,,,
,,,,,,,,ORD_001512,,,,,
,,,,,,,,ORD_001513,,,,,
,,,,,,,,ORD_001514,,,,,
,,,,,,,,ORD_001515,,,,,
,,,,,,,,ORD_001516,,,,,
,,,,,,,,ORD_001517,,,,,
,,,,,,,,ORD_001518,,,,,
,,,,,,,,ORD_001519,,,,,
,,,,,,,,ORD_001520,,,,,
,,,,,,,,ORD_001521,,,,,
,,,,,,,,ORD_001522,,,,,
,,,,,,,,ORD_001523,,,,,
,,,,,,,,ORD_001524,,,,,
,,,,,,,,ORD_001525,,,,,
,,,,,,,,ORD_001526,,,,,
,,,,,,,,ORD_001527,,,,,
,,,,,,,,ORD_001528,,,,,
,,,,,,,,ORD_001529,,,,,
,,,,,,,,ORD_001530,,,,,
,,,,,,,,ORD_001531,,,,,
,,,,,,,,ORD_001532,,,,,
,,,,,,,,ORD_001533,,,,,
,,,,,,,,ORD_001534,,,,,
,,,,,,,,ORD_001535,,,,,
,,,,,,,,ORD_001536,,,,,
,,,,,,,,ORD_001537,,,,,
,,,,,,,,ORD_001538,,,,,
,,,,,,,,ORD_001539,,,,,
,,,,,,,,ORD_001540,,,,,
,,,,,,,,ORD_001541,,,,,
,,,,,,,,ORD_001542,,,,,
,,,,,,,,ORD_001543,,,,,
,,,,,,,,ORD_001544,,,,,
,,,,,,,,ORD_001545,,,,,
,,,,,,,,ORD_001546,,,,,
,,,,,,,,ORD_001547,,,,,
,,,,,,,,ORD_001548,,,,,
,,,,,,,,ORD_001549,,,,,
,,,,,,,,ORD_001550,,,,,
,,,,,,,,ORD_001551,,,,,
,,,,,,,,ORD_001552,,,,,
,,,,,,,,ORD_001553,,,,,
,,,,,,,,ORD_001554,,,,,
,,,,,,,,ORD_001555,,,,,
,,,,,,,,ORD_001556,,,,,
,,,,,,,,ORD_001557,,,,,
,,,,,,,,ORD_001558,,,,,
,,,,,,,,ORD_001559,,,,,
,,,,,,,,ORD_001560,,,,,
,,,,,,,,ORD_001561,,,,,
,,,,,,,,ORD_001562,,,,,
,,,,,,,,ORD_001563,,,,,
,,,,,,,,ORD_001564,,,,,
,,,,,,,,ORD_001565,,,,,
,,,,,,,,ORD_001566,,,,,
,,,,,,,,ORD_001567,,,,,
,,,,,,,,ORD_001568,,,,,
,,,,,,,,ORD_001569,,,,,
,,,,,,,,ORD_001570,,,,,
,,,,,,,,ORD_001571,,,,,
,,,,,,,,ORD_001572,,,,,
,,,,,,,,ORD_001573,,,,,
,,,,,,,,ORD_001574,,,,,
,,,,,,,,ORD_001575,,,,,
,,,,,,,,ORD_001576,,,,,
,,,,,,,,ORD_001577,,,,,
,,,,,,,,ORD_001578,,,,,
,,,,,,,,ORD_001579,,,,,
,,,,,,,,ORD_001580,,,,,
,,,,,,,,ORD_001581,,,,,
,,,,,,,,ORD_001582,,,,,
,,,,,,,,ORD_001583,,,,,
,,,,,,,,ORD_001584,,,,,
,,,,,,,,ORD_001585,,,,,
,,,,,,,,ORD_001586,,,,,
,,,,,,,,ORD_001587,,,,,
,,,,,,,,ORD_001588,,,,,
,,,,,,,,ORD_001589,,,,,
,,,,,,,,ORD_001590,,,,,
,,,,,,,,ORD_001591,,,,,
,,,,,,,,ORD_001592,,,,,
,,,,,,,,ORD_001593,,,,,
,,,,,,,,ORD_001594,,,,,
,,,,,,,,ORD_001595,,,,,
,,,,,,,,ORD_001596,,,,,
,,,,,,,,ORD_001597,,,,,
,,,,,,,,ORD_001598,,,,,
,,,,,,,,ORD_001599,,,,,
,,,,,,,,ORD_001600,,,,,
,,,,,,,,ORD_001601,,,,,
,,,,,,,,ORD_001602,,,,,
,,,,,,,,ORD_001603,,,,,
,,,,,,,,ORD_001604,,,,,
,,,,,,,,ORD_001605,,,,,
,,,,,,,,ORD_001606,,,,,
,,,,,,,,ORD_001607,,,,,
,,,,,,,,ORD_001608,,,,,
,,,,,,,,ORD_001609,,,,,
,,,,,,,,ORD_001610,,,,,
,,,,,,,,ORD_001611,,,,,
,,,,,,,,ORD_001612,,,,,
,,,,,,,,ORD_001613,,,,,
,,,,,,,,ORD_001614,,,,,
,,,,,,,,ORD_001615,,,,,
,,,,,,,,ORD_001616,,,,,
,,,,,,,,ORD_001617,,,,,
,,,,,,,,ORD_001618,,,,,
,,,,,,,,ORD_001619,,,,,
,,,,,,,,ORD_001620,,,,,
,,,,,,,,ORD_001621,,,,,
,,,,,,,,ORD_001622,,,,,
,,,,,,,,ORD_001623,,,,,
,,,,,,,,ORD_001624,,,,,
,,,,,,,,ORD_001625,,,,,
,,,,,,,,ORD_001626,,,,,
,,,,,,,,ORD_001627,,,,,
,,,,,,,,ORD_001628,,,,,
,,,,,,,,ORD_001629,,,,,
,,,,,,,,ORD_001630,,,,,
,,,,,,,,ORD_001631,,,,,
,,,,,,,,ORD_001632,,,,,
,,,,,,,,ORD_001633,,,,,
,,,,,,,,ORD_001634,,,,,
,,,,,,,,ORD_001635,,,,,
,,,,,,,,ORD_001636,,,,,
,,,,,,,,ORD_001637,,,,,
,,,,,,,,ORD_001638,,,,,
,,,,,,,,ORD_001639,,,,,
,,,,,,,,ORD_001640,,,,,
,,,,,,,,ORD_001641,,,,,
,,,,,,,,ORD_001642,,,,,
,,,,,,,,ORD_001643,,,,,
,,,,,,,,ORD_001644,,,,,
,,,,,,,,ORD_001645,,,,,
,,,,,,,,ORD_001646,,,,,
,,,,,,,,ORD_001647,,,,,
,,,,,,,,ORD_001648,,,,,
,,,,,,,,ORD_001649,,,,,
,,,,,,,,ORD_001650,,,,,
,,,,,,,,ORD_001651,,,,,
,,,,,,,,ORD_001652,,,,,
,,,,,,,,ORD_001653,,,,,
,,,,,,,,ORD_001654,,,,,
,,,,,,,,ORD_001655,,,,,
,,,,,,,,ORD_001656,,,,,
,,,,,,,,ORD_001657,,,,,
,,,,,,,,ORD_001658,,,,,
,,,,,,,,ORD_001659,,,,,
,,,,,,,,ORD_001660,,,,,
,,,,,,,,ORD_001661,,,,,
,,,,,,,,ORD_001662,,,,,
,,,,,,,,ORD_001663,,,,,
,,,,,,,,ORD_001664,,,,,
,,,,,,,,ORD_001665,,,,,
,,,,,,,,ORD_001666,,,,,
,,,,,,,,ORD_001667,,,,,
,,,,,,,,ORD_001668,,,,,
,,,,,,,,ORD_001669,,,,,
,,,,,,,,ORD_001670,,,,,
,,,,,,,,ORD_001671,,,,,
,,,,,,,,ORD_001672,,,,,
,,,,,,,,ORD_001673,,,,,
,,,,,,,,ORD_001674,,,,,
,,,,,,,,ORD_001675,,,,,
,,,,,,,,ORD_001676,,,,,
,,,,,,,,ORD_001677,,,,,
,,,,,,,,ORD_001678,,,,,
,,,,,,,,ORD_001679,,,,,
,,,,,,,,ORD_001680,,,,,
,,,,,,,,ORD_001681,,,,,
,,,,,,,,ORD_001682,,,,,
,,,,,,,,ORD_001683,,,,,
,,,,,,,,ORD_001684,,,,,
,,,,,,,,ORD_001685,,,,,
,,,,,,,,ORD_001686,,,,,
,,,,,,,,ORD_001687,,,,,
,,,,,,,,ORD_001688,,,,,
,,,,,,,,ORD_001689,,,,,
,,,,,,,,ORD_001690,,,,,
,,,,,,,,ORD_001691,,,,,
,,,,,,,,ORD_001692,,,,,
,,,,,,,,ORD_001693,,,,,
,,,,,,,,ORD_001694,,,,,
,,,,,,,,ORD_001695,,,,,
,,,,,,,,ORD_001696,,,,,
,,,,,,,,ORD_001697,,,,,
,,,,,,,,ORD_001698,,,,,
,,,,,,,,ORD_001699,,,,,
,,,,,,,,ORD_001700,,,,,
,,,,,,,,ORD_001701,,,,,
,,,,,,,,ORD_001702,,,,,
,,,,,,,,ORD_001703,,,,,
,,,,,,,,ORD_001704,,,,,
,,,,,,,,ORD_001705,,,,,
,,,,,,,,ORD_001706,,,,,
,,,,,,,,ORD_001707,,,,,
,,,,,,,,ORD_001708,,,,,
,,,,,,,,ORD_001709,,,,,
,,,,,,,,ORD_001710,,,,,
,,,,,,,,ORD_001711,,,,,
,,,,,,,,ORD_001712,,,,,
,,,,,,,,ORD_001713,,,,,
,,,,,,,,ORD_001714,,,,,
,,,,,,,,ORD_001715,,,,,
,,,,,,,,ORD_001716,,,,,
,,,,,,,,ORD_001717,,,,,
,,,,,,,,ORD_001718,,,,,
,,,,,,,,ORD_001719,,,,,
,,,,,,,,ORD_001720,,,,,
,,,,,,,,ORD_001721,,,,,
,,,,,,,,ORD_001722,,,,,
,,,,,,,,ORD_001723,,,,,
,,,,,,,,ORD_001724,,,,,
,,,,,,,,ORD_001725,,,,,
,,,,,,,,ORD_001726,,,,,
,,,,,,,,ORD_001727,,,,,
,,,,,,,,ORD_001728,,,,,
,,,,,,,,ORD_001729,,,,,
,,,,,,,,ORD_001730,,,,,
,,,,,,,,ORD_001731,,,,,
,,,,,,,,ORD_001732,,,,,
,,,,,,,,ORD_001733,,,,,
,,,,,,,,ORD_001734,,,,,
,,,,,,,,ORD_001735,,,,,
,,,,,,,,ORD_001736,,,,,
,,,,,,,,ORD_001737,,,,,
,,,,,,,,ORD_001738,,,,,
,,,,,,,,ORD_001739,,,,,
,,,,,,,,ORD_001740,,,,,
,,,,,,,,ORD_001741,,,,,
,,,,,,,,ORD_001742,,,,,
,,,,,,,,ORD_001743,,,,,
,,,,,,,,ORD_001744,,,,,
,,,,,,,,ORD_001745,,,,,
,,,,,,,,ORD_001746,,,,,
,,,,,,,,ORD_001747,,,,,
,,,,,,,,ORD_001748,,,,,
,,,,,,,,ORD_001749,,,,,
,,,,,,,,ORD_001750,,,,,
,,,,,,,,ORD_001751,,,,,
,,,,,,,,ORD_001752,,,,,
,,,,,,,,ORD_001753,,,,,
,,,,,,,,ORD_001754,,,,,
,,,,,,,,ORD_001755,,,,,
,,,,,,,,ORD_001756,,,,,
,,,,,,,,ORD_001757,,,,,
,,,,,,,,ORD_001758,,,,,
,,,,,,,,ORD_001759,,,,,
,,,,,,,,ORD_001760,,,,,
,,,,,,,,ORD_001761,,,,,
,,,,,,,,ORD_001762,,,,,
,,,,,,,,ORD_001763,,,,,
,,,,,,,,ORD_001764,,,,,
,,,,,,,,ORD_001765,,,,,
,,,,,,,,ORD_001766,,,,,
,,,,,,,,ORD_001767,,,,,
,,,,,,,,ORD_001768,,,,,
,,,,,,,,ORD_001769,,,,,
,,,,,,,,ORD_001770,,,,,
,,,,,,,,ORD_001771,,,,,
,,,,,,,,ORD_001772,,,,,
,,,,,,,,ORD_001773,,,,,
,,,,,,,,ORD_001774,,,,,
,,,,,,,,ORD_001775,,,,,
,,,,,,,,ORD_001776,,,,,
,,,,,,,,ORD_001777,,,,,
,,,,,,,,ORD_001778,,,,,
,,,,,,,,ORD_001779,,,,,
,,,,,,,,ORD_001780,,,,,
,,,,,,,,ORD_001781,,,,,
,,,,,,,,ORD_001782,,,,,
,,,,,,,,ORD_001783,,,,,
,,,,,,,,ORD_001784,,,,,
,,,,,,,,ORD_001785,,,,,
,,,,,,,,ORD_001786,,,,,
,,,,,,,,ORD_001787,,,,,
,,,,,,,,ORD_001788,,,,,
,,,,,,,,ORD_001789,,,,,
,,,,,,,,ORD_001790,,,,,
,,,,,,,,ORD_001791,,,,,
,,,,,,,,ORD_001792,,,,,
,,,,,,,,ORD_001793,,,,,
,,,,,,,,ORD_001794,,,,,
,,,,,,,,ORD_001795,,,,,
,,,,,,,,ORD_001796,,,,,
,,,,,,,,ORD_001797,,,,,
,,,,,,,,ORD_001798,,,,,
,,,,,,,,ORD_001799,,,,,
,,,,,,,,ORD_001800,,,,,
,,,,,,,,ORD_001801,,,,,
,,,,,,,,ORD_001802,,,,,
,,,,,,,,ORD_001803,,,,,
,,,,,,,,ORD_001804,,,,,
,,,,,,,,ORD_001805,,,,,
,,,,,,,,ORD_001806,,,,,
,,,,,,,,ORD_001807,,,,,
,,,,,,,,ORD_001808,,,,,
,,,,,,,,ORD_001809,,,,,
,,,,,,,,ORD_001810,,,,,
,,,,,,,,ORD_001811,,,,,
,,,,,,,,ORD_001812,,,,,
,,,,,,,,ORD_001813,,,,,
,,,,,,,,ORD_001814,,,,,
,,,,,,,,ORD_001815,,,,,
,,,,,,,,ORD_001816,,,,,
,,,,,,,,ORD_001817,,,,,
,,,,,,,,ORD_001818,,,,,
,,,,,,,,ORD_001819,,,,,
,,,,,,,,ORD_001820,,,,,
,,,,,,,,ORD_001821,,,,,
,,,,,,,,ORD_001822,,,,,
,,,,,,,,ORD_001823,,,,,
,,,,,,,,ORD_001824,,,,,
,,,,,,,,ORD_001825,,,,,
,,,,,,,,ORD_001826,,,,,
,,,,,,,,ORD_001827,,,,,
,,,,,,,,ORD_001828,,,,,
,,,,,,,,ORD_001829,,,,,
,,,,,,,,ORD_001830,,,,,
,,,,,,,,ORD_001831,,,,,
,,,,,,,,ORD_001832,,,,,
,,,,,,,,ORD_001833,,,,,
,,,,,,,,ORD_001834,,,,,
,,,,,,,,ORD_001835,,,,,
,,,,,,,,ORD_001836,,,,,
,,,,,,,,ORD_001837,,,,,
,,,,,,,,ORD_001838,,,,,
,,,,,,,,ORD_001839,,,,,
,,,,,,,,ORD_001840,,,,,
,,,,,,,,ORD_001841,,,,,
,,,,,,,,ORD_001842,,,,,
,,,,,,,,ORD_001843,,,,,
,,,,,,,,ORD_001844,,,,,
,,,,,,,,ORD_001845,,,,,
,,,,,,,,ORD_001846,,,,,
,,,,,,,,ORD_001847,,,,,
,,,,,,,,ORD_001848,,,,,
,,,,,,,,ORD_001849,,,,,
,,,,,,,,ORD_001850,,,,,
,,,,,,,,ORD_001851,,,,,
,,,,,,,,ORD_001852,,,,,
,,,,,,,,ORD_001853,,,,,
,,,,,,,,ORD_001854,,,,,
,,,,,,,,ORD_001855,,,,,
,,,,,,,,ORD_001856,,,,,
,,,,,,,,ORD_001857,,,,,
,,,,,,,,ORD_001858,,,,,
,,,,,,,,ORD_001859,,,,,
,,,,,,,,ORD_001860,,,,,
,,,,,,,,ORD_001861,,,,,
,,,,,,,,ORD_001862,,,,,
,,,,,,,,ORD_001863,,,,,
,,,,,,,,ORD_001864,,,,,
,,,,,,,,ORD_001865,,,,,
,,,,,,,,ORD_001866,,,,,
,,,,,,,,ORD_001867,,,,,
,,,,,,,,ORD_001868,,,,,
,,,,,,,,ORD_001869,,,,,
,,,,,,,,ORD_001870,,,,,
,,,,,,,,ORD_001871,,,,,
,,,,,,,,ORD_001872,,,,,
,,,,,,,,ORD_001873,,,,,
,,,,,,,,ORD_001874,,,,,
,,,,,,,,ORD_001875,,,,,
,,,,,,,,ORD_001876,,,,,
,,,,,,,,ORD_001877,,,,,
,,,,,,,,ORD_001878,,,,,
,,,,,,,,ORD_001879,,,,,
,,,,,,,,ORD_001880,,,,,
,,,,,,,,ORD_001881,,,,,
,,,,,,,,ORD_001882,,,,,
,,,,,,,,ORD_001883,,,,,
,,,,,,,,ORD_001884,,,,,
,,,,,,,,ORD_001885,,,,,
,,,,,,,,ORD_001886,,,,,
,,,,,,,,ORD_001887,,,,,
,,,,,,,,ORD_001888,,,,,
,,,,,,,,ORD_001889,,,,,
,,,,,,,,ORD_001890,,,,,
,,,,,,,,ORD_001891,,,,,
,,,,,,,,ORD_001892,,,,,
,,,,,,,,ORD_001893,,,,,
,,,,,,,,ORD_001894,,,,,
,,,,,,,,ORD_001895,,,,,
,,,,,,,,ORD_001896,,,,,
,,,,,,,,ORD_001897,,,,,
,,,,,,,,ORD_001898,,,,,
,,,,,,,,ORD_001899,,,,,
,,,,,,,,ORD_001900,,,,,
,,,,,,,,ORD_001901,,,,,
,,,,,,,,ORD_001902,,,,,
,,,,,,,,ORD_001903,,,,,
,,,,,,,,ORD_001904,,,,,
,,,,,,,,ORD_001905,,,,,
,,,,,,,,ORD_001906,,,,,
,,,,,,,,ORD_001907,,,,,
,,,,,,,,ORD_001908,,,,,
,,,,,,,,ORD_001909,,,,,
,,,,,,,,ORD_001910,,,,,
,,,,,,,,ORD_001911,,,,,
,,,,,,,,ORD_001912,,,,,
,,,,,,,,ORD_001913,,,,,
,,,,,,,,ORD_001914,,,,,
,,,,,,,,ORD_001915,,,,,
,,,,,,,,ORD_001916,,,,,
,,,,,,,,ORD_001917,,,,,
,,,,,,,,ORD_001918,,,,,
,,,,,,,,ORD_001919,,,,,
,,,,,,,,ORD_001920,,,,,
,,,,,,,,ORD_001921,,,,,
,,,,,,,,ORD_001922,,,,,
,,,,,,,,ORD_001923,,,,,
,,,,,,,,ORD_001924,,,,,
,,,,,,,,ORD_001925,,,,,
,,,,,,,,ORD_001926,,,,,
,,,,,,,,ORD_001927,,,,,
,,,,,,,,ORD_001928,,,,,
,,,,,,,,ORD_001929,,,,,
,,,,,,,,ORD_001930,,,,,
,,,,,,,,ORD_001931,,,,,
,,,,,,,,ORD_001932,,,,,
,,,,,,,,ORD_001933,,,,,
,,,,,,,,ORD_001934,,,,,
,,,,,,,,ORD_001935,,,,,
,,,,,,,,ORD_001936,,,,,
,,,,,,,,ORD_001937,,,,,
,,,,,,,,ORD_001938,,,,,
,,,,,,,,ORD_001939,,,,,
,,,,,,,,ORD_001940,,,,,
,,,,,,,,ORD_001941,,,,,
,,,,,,,,ORD_001942,,,,,
,,,,,,,,ORD_001943,,,,,
,,,,,,,,ORD_001944,,,,,
,,,,,,,,ORD_001945,,,,,
,,,,,,,,ORD_001946,,,,,
,,,,,,,,ORD_001947,,,,,
,,,,,,,,ORD_001948,,,,,
,,,,,,,,ORD_001949,,,,,
,,,,,,,,ORD_001950,,,,,
,,,,,,,,ORD_001951,,,,,
,,,,,,,,ORD_001952,,,,,
,,,,,,,,ORD_001953,,,,,
,,,,,,,,ORD_001954,,,,,
,,,,,,,,ORD_001955,,,,,
,,,,,,,,ORD_001956,,,,,
,,,,,,,,ORD_001957,,,,,
,,,,,,,,ORD_001958,,,,,
,,,,,,,,ORD_001959,,,,,
,,,,,,,,ORD_001960,,,,,
,,,,,,,,ORD_001961,,,,,
,,,,,,,,ORD_001962,,,,,
,,,,,,,,ORD_001963,,,,,
,,,,,,,,ORD_001964,,,,,
,,,,,,,,ORD_001965,,,,,
,,,,,,,,ORD_001966,,,,,
,,,,,,,,ORD_001967,,,,,
,,,,,,,,ORD_001968,,,,,
,,,,,,,,ORD_001969,,,,,
,,,,,,,,ORD_001970,,,,,
,,,,,,,,ORD_001971,,,,,
,,,,,,,,ORD_001972,,,,,
,,,,,,,,ORD_001973,,,,,
,,,,,,,,ORD_001974,,,,,
,,,,,,,,ORD_001975,,,,,
,,,,,,,,ORD_001976,,,,,
,,,,,,,,ORD_001977,,,,,
,,,,,,,,ORD_001978,,,,,
,,,,,,,,ORD_001979,,,,,
,,,,,,,,ORD_001980,,,,,
,,,,,,,,ORD_001981,,,,,
,,,,,,,,ORD_001982,,,,,
,,,,,,,,ORD_001983,,,,,
,,,,,,,,ORD_001984,,,,,
,,,,,,,,ORD_001985,,,,,
,,,,,,,,ORD_001986,,,,,
,,,,,,,,ORD_001987,,,,,
,,,,,,,,ORD_001988,,,,,
,,,,,,,,ORD_001989,,,,,
,,,,,,,,ORD_001990,,,,,
,,,,,,,,ORD_001991,,,,,
,,,,,,,,ORD_001992,,,,,
,,,,,,,,ORD_001993,,,,,
,,,,,,,,ORD_001994,,,,,
,,,,,,,,ORD_001995,,,,,
,,,,,,,,ORD_001996,,,,,
,,,,,,,,ORD_001997,,,,,
,,,,,,,,ORD_001998,,,,,
,,,,,,,,ORD_001999,,,,,
,,,,,,,,ORD_002000,,,,,
,,,,,,,,ORD_002001,,,,,
,,,,,,,,ORD_002002,,,,,
,,,,,,,,ORD_002003,,,,,
,,,,,,,,ORD_002004,,,,,
,,,,,,,,ORD_002005,,,,,
,,,,,,,,ORD_002006,,,,,
,,,,,,,,ORD_002007,,,,,
,,,,,,,,ORD_002008,,,,,
,,,,,,,,ORD_002009,,,,,
,,,,,,,,ORD_002010,,,,,
,,,,,,,,ORD_002011,,,,,
,,,,,,,,ORD_002012,,,,,
,,,,,,,,ORD_002013,,,,,
,,,,,,,,ORD_002014,,,,,
,,,,,,,,ORD_002015,,,,,
,,,,,,,,ORD_002016,,,,,
,,,,,,,,ORD_002017,,,,,
,,,,,,,,ORD_002018,,,,,
,,,,,,,,ORD_002019,,,,,
,,,,,,,,ORD_002020,,,,,
,,,,,,,,ORD_002021,,,,,
,,,,,,,,ORD_002022,,,,,
,,,,,,,,ORD_002023,,,,,
,,,,,,,,ORD_002024,,,,,
,,,,,,,,ORD_002025,,,,,
,,,,,,,,ORD_002026,,,,,
,,,,,,,,ORD_002027,,,,,
,,,,,,,,ORD_002028,,,,,
,,,,,,,,ORD_002029,,,,,
,,,,,,,,ORD_002030,,,,,
,,,,,,,,ORD_002031,,,,,
,,,,,,,,ORD_002032,,,,,
,,,,,,,,ORD_002033,,,,,
,,,,,,,,ORD_002034,,,,,
,,,,,,,,ORD_002035,,,,,
,,,,,,,,ORD_002036,,,,,
,,,,,,,,ORD_002037,,,,,
,,,,,,,,ORD_002038,,,,,
,,,,,,,,ORD_002039,,,,,
,,,,,,,,ORD_002040,,,,,
,,,,,,,,ORD_002041,,,,,
,,,,,,,,ORD_002042,,,,,
,,,,,,,,ORD_002043,,,,,
,,,,,,,,ORD_002044,,,,,
,,,,,,,,ORD_002045,,,,,
,,,,,,,,ORD_002046,,,,,
,,,,,,,,ORD_002047,,,,,
,,,,,,,,ORD_002048,,,,,
,,,,,,,,ORD_002049,,,,,
,,,,,,,,ORD_002050,,,,,
,,,,,,,,ORD_002051,,,,,
,,,,,,,,ORD_002052,,,,,
,,,,,,,,ORD_002053,,,,,
,,,,,,,,ORD_002054,,,,,
,,,,,,,,ORD_002055,,,,,
,,,,,,,,ORD_002056,,,,,
,,,,,,,,ORD_002057,,,,,
,,,,,,,,ORD_002058,,,,,
,,,,,,,,ORD_002059,,,,,
,,,,,,,,ORD_002060,,,,,
,,,,,,,,ORD_002061,,,,,
,,,,,,,,ORD_002062,,,,,
,,,,,,,,ORD_002063,,,,,
,,,,,,,,ORD_002064,,,,,
,,,,,,,,ORD_002065,,,,,
,,,,,,,,ORD_002066,,,,,
,,,,,,,,ORD_002067,,,,,
,,,,,,,,ORD_002068,,,,,
,,,,,,,,ORD_002069,,,,,
,,,,,,,,ORD_002070,,,,,
,,,,,,,,ORD_002071,,,,,
,,,,,,,,ORD_002072,,,,,
,,,,,,,,ORD_002073,,,,,
,,,,,,,,ORD_002074,,,,,
,,,,,,,,ORD_002075,,,,,
,,,,,,,,ORD_002076,,,,,
,,,,,,,,ORD_002077,,,,,
,,,,,,,,ORD_002078,,,,,
,,,,,,,,ORD_002079,,,,,
,,,,,,,,ORD_002080,,,,,
,,,,,,,,ORD_002081,,,,,
,,,,,,,,ORD_002082,,,,,
,,,,,,,,ORD_002083,,,,,
,,,,,,,,ORD_002084,,,,,
,,,,,,,,ORD_002085,,,,,
,,,,,,,,ORD_002086,,,,,
,,,,,,,,ORD_002087,,,,,
,,,,,,,,ORD_002088,,,,,
,,,,,,,,ORD_002089,,,,,
,,,,,,,,ORD_002090,,,,,
,,,,,,,,ORD_002091,,,,,
,,,,,,,,ORD_002092,,,,,
,,,,,,,,ORD_002093,,,,,
,,,,,,,,ORD_002094,,,,,
,,,,,,,,ORD_002095,,,,,
,,,,,,,,ORD_002096,,,,,
,,,,,,,,ORD_002097,,,,,
,,,,,,,,ORD_002098,,,,,
,,,,,,,,ORD_002099,,,,,
,,,,,,,,ORD_002100,,,,,
,,,,,,,,ORD_002101,,,,,
,,,,,,,,ORD_002102,,,,,
,,,,,,,,ORD_002103,,,,,
,,,,,,,,ORD_002104,,,,,
,,,,,,,,ORD_002105,,,,,
,,,,,,,,ORD_002106,,,,,
,,,,,,,,ORD_002107,,,,,
,,,,,,,,ORD_002108,,,,,
,,,,,,,,ORD_002109,,,,,
,,,,,,,,ORD_002110,,,,,
,,,,,,,,ORD_002111,,,,,
,,,,,,,,ORD_002112,,,,,
,,,,,,,,ORD_002113,,,,,
,,,,,,,,ORD_002114,,,,,
,,,,,,,,ORD_002115,,,,,
,,,,,,,,ORD_002116,,,,,
,,,,,,,,ORD_002117,,,,,
,,,,,,,,ORD_002118,,,,,
,,,,,,,,ORD_002119,,,,,
,,,,,,,,ORD_002120,,,,,
,,,,,,,,ORD_002121,,,,,
,,,,,,,,ORD_002122,,,,,
,,,,,,,,ORD_002123,,,,,
,,,,,,,,ORD_002124,,,,,
,,,,,,,,ORD_002125,,,,,
,,,,,,,,ORD_002126,,,,,
,,,,,,,,ORD_002127,,,,,
,,,,,,,,ORD_002128,,,,,
,,,,,,,,ORD_002129,,,,,
,,,,,,,,ORD_002130,,,,,
,,,,,,,,ORD_002131,,,,,
,,,,,,,,ORD_002132,,,,,
,,,,,,,,ORD_002133,,,,,
,,,,,,,,ORD_002134,,,,,
,,,,,,,,ORD_002135,,,,,
,,,,,,,,ORD_002136,,,,,
,,,,,,,,ORD_002137,,,,,
,,,,,,,,ORD_002138,,,,,
,,,,,,,,ORD_002139,,,,,
,,,,,,,,ORD_002140,,,,,
,,,,,,,,ORD_002141,,,,,
,,,,,,,,ORD_002142,,,,,
,,,,,,,,ORD_002143,,,,,
,,,,,,,,ORD_002144,,,,,
,,,,,,,,ORD_002145,,,,,
,,,,,,,,ORD_002146,,,,,
,,,,,,,,ORD_002147,,,,,
,,,,,,,,ORD_002148,,,,,
,,,,,,,,ORD_002149,,,,,
,,,,,,,,ORD_002150,,,,,
,,,,,,,,ORD_002151,,,,,
,,,,,,,,ORD_002152,,,,,
,,,,,,,,ORD_002153,,,,,
,,,,,,,,ORD_002154,,,,,
,,,,,,,,ORD_002155,,,,,
,,,,,,,,ORD_002156,,,,,
,,,,,,,,ORD_002157,,,,,
,,,,,,,,ORD_002158,,,,,
,,,,,,,,ORD_002159,,,,,
,,,,,,,,ORD_002160,,,,,
,,,,,,,,ORD_002161,,,,,
,,,,,,,,ORD_002162,,,,,
,,,,,,,,ORD_002163,,,,,
,,,,,,,,ORD_002164,,,,,
,,,,,,,,ORD_002165,,,,,
,,,,,,,,ORD_002166,,,,,
,,,,,,,,ORD_002167,,,,,
,,,,,,,,ORD_002168,,,,,
,,,,,,,,ORD_002169,,,,,
,,,,,,,,ORD_002170,,,,,
,,,,,,,,ORD_002171,,,,,
,,,,,,,,ORD_002172,,,,,
,,,,,,,,ORD_002173,,,,,
,,,,,,,,ORD_002174,,,,,
,,,,,,,,ORD_002175,,,,,
,,,,,,,,ORD_002176,,,,,
,,,,,,,,ORD_002177,,,,,
,,,,,,,,ORD_002178,,,,,
,,,,,,,,ORD_002179,,,,,
,,,,,,,,ORD_002180,,,,,
,,,,,,,,ORD_002181,,,,,
,,,,,,,,ORD_002182,,,,,
,,,,,,,,ORD_002183,,,,,
,,,,,,,,ORD_002184,,,,,
,,,,,,,,ORD_002185,,,,,
,,,,,,,,ORD_002186,,,,,
,,,,,,,,ORD_002187,,,,,
,,,,,,,,ORD_002188,,,,,
,,,,,,,,ORD_002189,,,,,
,,,,,,,,ORD_002190,,,,,
,,,,,,,,ORD_002191,,,,,
,,,,,,,,ORD_002192,,,,,
,,,,,,,,ORD_002193,,,,,
,,,,,,,,ORD_002194,,,,,
,,,,,,,,ORD_002195,,,,,
,,,,,,,,ORD_002196,,,,,
,,,,,,,,ORD_002197,,,,,
,,,,,,,,ORD_002198,,,,,
,,,,,,,,ORD_002199,,,,,
,,,,,,,,ORD_002200,,,,,
,,,,,,,,ORD_002201,,,,,
,,,,,,,,ORD_002202,,,,,
,,,,,,,,ORD_002203,,,,,
,,,,,,,,ORD_002204,,,,,
,,,,,,,,ORD_002205,,,,,
,,,,,,,,ORD_002206,,,,,
,,,,,,,,ORD_002207,,,,,
,,,,,,,,ORD_002208,,,,,
,,,,,,,,ORD_002209,,,,,
,,,,,,,,ORD_002210,,,,,
,,,,,,,,ORD_002211,,,,,
,,,,,,,,ORD_002212,,,,,
,,,,,,,,ORD_002213,,,,,
,,,,,,,,ORD_002214,,,,,
,,,,,,,,ORD_002215,,,,,
,,,,,,,,ORD_002216,,,,,
,,,,,,,,ORD_002217,,,,,
,,,,,,,,ORD_002218,,,,,
,,,,,,,,ORD_002219,,,,,
,,,,,,,,ORD_002220,,,,,
,,,,,,,,ORD_002221,,,,,
,,,,,,,,ORD_002222,,,,,
,,,,,,,,ORD_002223,,,,,
,,,,,,,,ORD_002224,,,,,
,,,,,,,,ORD_002225,,,,,
,,,,,,,,ORD_002226,,,,,
,,,,,,,,ORD_002227,,,,,
,,,,,,,,ORD_002228,,,,,
,,,,,,,,ORD_002229,,,,,
,,,,,,,,ORD_002230,,,,,
,,,,,,,,ORD_002231,,,,,
,,,,,,,,ORD_002232,,,,,
,,,,,,,,ORD_002233,,,,,
,,,,,,,,ORD_002234,,,,,
,,,,,,,,ORD_002235,,,,,
,,,,,,,,ORD_002236,,,,,
,,,,,,,,ORD_002237,,,,,
,,,,,,,,ORD_002238,,,,,
,,,,,,,,ORD_002239,,,,,
,,,,,,,,ORD_002240,,,,,
,,,,,,,,ORD_002241,,,,,
,,,,,,,,ORD_002242,,,,,
,,,,,,,,ORD_002243,,,,,
,,,,,,,,ORD_002244,,,,,
,,,,,,,,ORD_002245,,,,,
,,,,,,,,ORD_002246,,,,,
,,,,,,,,ORD_002247,,,,,
,,,,,,,,ORD_002248,,,,,
,,,,,,,,ORD_002249,,,,,
,,,,,,,,ORD_002250,,,,,
,,,,,,,,ORD_002251,,,,,
,,,,,,,,ORD_002252,,,,,
,,,,,,,,ORD_002253,,,,,
,,,,,,,,ORD_002254,,,,,
,,,,,,,,ORD_002255,,,,,
,,,,,,,,ORD_002256,,,,,
,,,,,,,,ORD_002257,,,,,
,,,,,,,,ORD_002258,,,,,
,,,,,,,,ORD_002259,,,,,
,,,,,,,,ORD_002260,,,,,
,,,,,,,,ORD_002261,,,,,
,,,,,,,,ORD_002262,,,,,
,,,,,,,,ORD_002263,,,,,
,,,,,,,,ORD_002264,,,,,
,,,,,,,,ORD_002265,,,,,
,,,,,,,,ORD_002266,,,,,
,,,,,,,,ORD_002267,,,,,
,,,,,,,,ORD_002268,,,,,
,,,,,,,,ORD_002269,,,,,
,,,,,,,,ORD_002270,,,,,
,,,,,,,,ORD_002271,,,,,
,,,,,,,,ORD_002272,,,,,
,,,,,,,,ORD_002273,,,,,
,,,,,,,,ORD_002274,,,,,
,,,,,,,,ORD_002275,,,,,
,,,,,,,,ORD_002276,,,,,
,,,,,,,,ORD_002277,,,,,
,,,,,,,,ORD_002278,,,,,
,,,,,,,,ORD_002279,,,,,
,,,,,,,,ORD_002280,,,,,
,,,,,,,,ORD_002281,,,,,
,,,,,,,,ORD_002282,,,,,
,,,,,,,,ORD_002283,,,,,
,,,,,,,,ORD_002284,,,,,
,,,,,,,,ORD_002285,,,,,
,,,,,,,,ORD_002286,,,,,
,,,,,,,,ORD_002287,,,,,
,,,,,,,,ORD_002288,,,,,
,,,,,,,,ORD_002289,,,,,
,,,,,,,,ORD_002290,,,,,
,,,,,,,,ORD_002291,,,,,
,,,,,,,,ORD_002292,,,,,
,,,,,,,,ORD_002293,,,,,
,,,,,,,,ORD_002294,,,,,
,,,,,,,,ORD_002295,,,,,
,,,,,,,,ORD_002296,,,,,
,,,,,,,,ORD_002297,,,,,
,,,,,,,,ORD_002298,,,,,
,,,,,,,,ORD_002299,,,,,
,,,,,,,,ORD_002300,,,,,
,,,,,,,,ORD_002301,,,,,
,,,,,,,,ORD_002302,,,,,
,,,,,,,,ORD_002303,,,,,
,,,,,,,,ORD_002304,,,,,
,,,,,,,,ORD_002305,,,,,
,,,,,,,,ORD_002306,,,,,
,,,,,,,,ORD_002307,,,,,
,,,,,,,,ORD_002308,,,,,
,,,,,,,,ORD_002309,,,,,
,,,,,,,,ORD_002310,,,,,
,,,,,,,,ORD_002311,,,,,
,,,,,,,,ORD_002312,,,,,
,,,,,,,,ORD_002313,,,,,
,,,,,,,,ORD_002314,,,,,
,,,,,,,,ORD_002315,,,,,
,,,,,,,,ORD_002316,,,,,
,,,,,,,,ORD_002317,,,,,
,,,,,,,,ORD_002318,,,,,
,,,,,,,,ORD_002319,,,,,
,,,,,,,,ORD_002320,,,,,
,,,,,,,,ORD_002321,,,,,
,,,,,,,,ORD_002322,,,,,
,,,,,,,,ORD_002323,,,,,
,,,,,,,,ORD_002324,,,,,
,,,,,,,,ORD_002325,,,,,
,,,,,,,,ORD_002326,,,,,
,,,,,,,,ORD_002327,,,,,
,,,,,,,,ORD_002328,,,,,
,,,,,,,,ORD_002329,,,,,
,,,,,,,,ORD_002330,,,,,
,,,,,,,,ORD_002331,,,,,
,,,,,,,,ORD_002332,,,,,
,,,,,,,,ORD_002333,,,,,
,,,,,,,,ORD_002334,,,,,
,,,,,,,,ORD_002335,,,,,
,,,,,,,,ORD_002336,,,,,
,,,,,,,,ORD_002337,,,,,
,,,,,,,,ORD_002338,,,,,
,,,,,,,,ORD_002339,,,,,
,,,,,,,,ORD_002340,,,,,
,,,,,,,,ORD_002341,,,,,
,,,,,,,,ORD_002342,,,,,
,,,,,,,,ORD_002343,,,,,
,,,,,,,,ORD_002344,,,,,
,,,,,,,,ORD_002345,,,,,
,,,,,,,,ORD_002346,,,,,
,,,,,,,,ORD_002347,,,,,
,,,,,,,,ORD_002348,,,,,
,,,,,,,,ORD_002349,,,,,
,,,,,,,,ORD_002350,,,,,
,,,,,,,,ORD_002351,,,,,
,,,,,,,,ORD_002352,,,,,
,,,,,,,,ORD_002353,,,,,
,,,,,,,,ORD_002354,,,,,
,,,,,,,,ORD_002355,,,,,
,,,,,,,,ORD_002356,,,,,
,,,,,,,,ORD_002357,,,,,
,,,,,,,,ORD_002358,,,,,
,,,,,,,,ORD_002359,,,,,
,,,,,,,,ORD_002360,,,,,
,,,,,,,,ORD_002361,,,,,
,,,,,,,,ORD_002362,,,,,
,,,,,,,,ORD_002363,,,,,
,,,,,,,,ORD_002364,,,,,
,,,,,,,,ORD_002365,,,,,
,,,,,,,,ORD_002366,,,,,
,,,,,,,,ORD_002367,,,,,
,,,,,,,,ORD_002368,,,,,
,,,,,,,,ORD_002369,,,,,
,,,,,,,,ORD_002370,,,,,
,,,,,,,,ORD_002371,,,,,
,,,,,,,,ORD_002372,,,,,
,,,,,,,,ORD_002373,,,,,
,,,,,,,,ORD_002374,,,,,
,,,,,,,,ORD_002375,,,,,
,,,,,,,,ORD_002376,,,,,
,,,,,,,,ORD_002377,,,,,
,,,,,,,,ORD_002378,,,,,
,,,,,,,,ORD_002379,,,,,
,,,,,,,,ORD_002380,,,,,
,,,,,,,,ORD_002381,,,,,
,,,,,,,,ORD_002382,,,,,
,,,,,,,,ORD_002383,,,,,
,,,,,,,,ORD_002384,,,,,
,,,,,,,,ORD_002385,,,,,
,,,,,,,,ORD_002386,,,,,
,,,,,,,,ORD_002387,,,,,
,,,,,,,,ORD_002388,,,,,
,,,,,,,,ORD_002389,,,,,
,,,,,,,,ORD_002390,,,,,
,,,,,,,,ORD_002391,,,,,
,,,,,,,,ORD_002392,,,,,
,,,,,,,,ORD_002393,,,,,
,,,,,,,,ORD_002394,,,,,
,,,,,,,,ORD_002395,,,,,
,,,,,,,,ORD_002396,,,,,
,,,,,,,,ORD_002397,,,,,
,,,,,,,,ORD_002398,,,,,
,,,,,,,,ORD_002399,,,,,
,,,,,,,,ORD_002400,,,,,
,,,,,,,,ORD_002401,,,,,
,,,,,,,,ORD_002402,,,,,
,,,,,,,,ORD_002403,,,,,
,,,,,,,,ORD_002404,,,,,
,,,,,,,,ORD_002405,,,,,
,,,,,,,,ORD_002406,,,,,
,,,,,,,,ORD_002407,,,,,
,,,,,,,,ORD_002408,,,,,
,,,,,,,,ORD_002409,,,,,
,,,,,,,,ORD_002410,,,,,
,,,,,,,,ORD_002411,,,,,
,,,,,,,,ORD_002412,,,,,
,,,,,,,,ORD_002413,,,,,
,,,,,,,,ORD_002414,,,,,
,,,,,,,,ORD_002415,,,,,
,,,,,,,,ORD_002416,,,,,
,,,,,,,,ORD_002417,,,,,
,,,,,,,,ORD_002418,,,,,
,,,,,,,,ORD_002419,,,,,
,,,,,,,,ORD_002420,,,,,
,,,,,,,,ORD_002421,,,,,
,,,,,,,,ORD_002422,,,,,
,,,,,,,,ORD_002423,,,,,
,,,,,,,,ORD_002424,,,,,
,,,,,,,,ORD_002425,,,,,
,,,,,,,,ORD_002426,,,,,
,,,,,,,,ORD_002427,,,,,
,,,,,,,,ORD_002428,,,,,
,,,,,,,,ORD_002429,,,,,
,,,,,,,,ORD_002430,,,,,
,,,,,,,,ORD_002431,,,,,
,,,,,,,,ORD_002432,,,,,
,,,,,,,,ORD_002433,,,,,
,,,,,,,,ORD_002434,,,,,
,,,,,,,,ORD_002435,,,,,
,,,,,,,,ORD_002436,,,,,
,,,,,,,,ORD_002437,,,,,
,,,,,,,,ORD_002438,,,,,
,,,,,,,,ORD_002439,,,,,
,,,,,,,,ORD_002440,,,,,
,,,,,,,,ORD_002441,,,,,
,,,,,,,,ORD_002442,,,,,
,,,,,,,,ORD_002443,,,,,
,,,,,,,,ORD_002444,,,,,
,,,,,,,,ORD_002445,,,,,
,,,,,,,,ORD_002446,,,,,
,,,,,,,,ORD_002447,,,,,
,,,,,,,,ORD_002448,,,,,
,,,,,,,,ORD_002449,,,,,
,,,,,,,,ORD_002450,,,,,
,,,,,,,,ORD_002451,,,,,
,,,,,,,,ORD_002452,,,,,
,,,,,,,,ORD_002453,,,,,
,,,,,,,,ORD_002454,,,,,
,,,,,,,,ORD_002455,,,,,
,,,,,,,,ORD_002456,,,,,
,,,,,,,,ORD_002457,,,,,
,,,,,,,,ORD_002458,,,,,
,,,,,,,,ORD_002459,,,,,
,,,,,,,,ORD_002460,,,,,
,,,,,,,,ORD_002461,,,,,
,,,,,,,,ORD_002462,,,,,
,,,,,,,,ORD_002463,,,,,
,,,,,,,,ORD_002464,,,,,
,,,,,,,,ORD_002465,,,,,
,,,,,,,,ORD_002466,,,,,
,,,,,,,,ORD_002467,,,,,
,,,,,,,,ORD_002468,,,,,
,,,,,,,,ORD_002469,,,,,
,,,,,,,,ORD_002470,,,,,
,,,,,,,,ORD_002471,,,,,
,,,,,,,,ORD_002472,,,,,
,,,,,,,,ORD_002473,,,,,
,,,,,,,,ORD_002474,,,,,
,,,,,,,,ORD_002475,,,,,
,,,,,,,,ORD_002476,,,,,
,,,,,,,,ORD_002477,,,,,
,,,,,,,,ORD_002478,,,,,
,,,,,,,,ORD_002479,,,,,
,,,,,,,,ORD_002480,,,,,
,,,,,,,,ORD_002481,,,,,
,,,,,,,,ORD_002482,,,,,
,,,,,,,,ORD_002483,,,,,
,,,,,,,,ORD_002484,,,,,
,,,,,,,,ORD_002485,,,,,
,,,,,,,,ORD_002486,,,,,
,,,,,,,,ORD_002487,,,,,
,,,,,,,,ORD_002488,,,,,
,,,,,,,,ORD_002489,,,,,
,,,,,,,,ORD_002490,,,,,
,,,,,,,,ORD_002491,,,,,
,,,,,,,,ORD_002492,,,,,
,,,,,,,,ORD_002493,,,,,
,,,,,,,,ORD_002494,,,,,
,,,,,,,,ORD_002495,,,,,
,,,,,,,,ORD_002496,,,,,
,,,,,,,,ORD_002497,,,,,
,,,,,,,,ORD_002498,,,,,
,,,,,,,,ORD_002499,,,,,
,,,,,,,,ORD_002500,,,,,
,,,,,,,,ORD_002501,,,,,
,,,,,,,,ORD_002502,,,,,
,,,,,,,,ORD_002503,,,,,
,,,,,,,,ORD_002504,,,,,
,,,,,,,,ORD_002505,,,,,
,,,,,,,,ORD_002506,,,,,
,,,,,,,,ORD_002507,,,,,
,,,,,,,,ORD_002508,,,,,
,,,,,,,,ORD_002509,,,,,
,,,,,,,,ORD_002510,,,,,
,,,,,,,,ORD_002511,,,,,
,,,,,,,,ORD_002512,,,,,
,,,,,,,,ORD_002513,,,,,
,,,,,,,,ORD_002514,,,,,
,,,,,,,,ORD_002515,,,,,
,,,,,,,,ORD_002516,,,,,
,,,,,,,,ORD_002517,,,,,
,,,,,,,,ORD_002518,,,,,
,,,,,,,,ORD_002519,,,,,
,,,,,,,,ORD_002520,,,,,
,,,,,,,,ORD_002521,,,,,
,,,,,,,,ORD_002522,,,,,
,,,,,,,,ORD_002523,,,,,
,,,,,,,,ORD_002524,,,,,
,,,,,,,,ORD_002525,,,,,
,,,,,,,,ORD_002526,,,,,
,,,,,,,,ORD_002527,,,,,
,,,,,,,,ORD_002528,,,,,
,,,,,,,,ORD_002529,,,,,
,,,,,,,,ORD_002530,,,,,
,,,,,,,,ORD_002531,,,,,
,,,,,,,,ORD_002532,,,,,
,,,,,,,,ORD_002533,,,,,
,,,,,,,,ORD_002534,,,,,
,,,,,,,,ORD_002535,,,,,
,,,,,,,,ORD_002536,,,,,
,,,,,,,,ORD_002537,,,,,
,,,,,,,,ORD_002538,,,,,
,,,,,,,,ORD_002539,,,,,
,,,,,,,,ORD_002540,,,,,
,,,,,,,,ORD_002541,,,,,
,,,,,,,,ORD_002542,,,,,
,,,,,,,,ORD_002543,,,,,
,,,,,,,,ORD_002544,,,,,
,,,,,,,,ORD_002545,,,,,
,,,,,,,,ORD_002546,,,,,
,,,,,,,,ORD_002547,,,,,
,,,,,,,,ORD_002548,,,,,
,,,,,,,,ORD_002549,,,,,
,,,,,,,,ORD_002550,,,,,
,,,,,,,,ORD_002551,,,,,
,,,,,,,,ORD_002552,,,,,
,,,,,,,,ORD_002553,,,,,
,,,,,,,,ORD_002554,,,,,
,,,,,,,,ORD_002555,,,,,
,,,,,,,,ORD_002556,,,,,
,,,,,,,,ORD_002557,,,,,
,,,,,,,,ORD_002558,,,,,
,,,,,,,,ORD_002559,,,,,
,,,,,,,,ORD_002560,,,,,
,,,,,,,,ORD_002561,,,,,
,,,,,,,,ORD_002562,,,,,
,,,,,,,,ORD_002563,,,,,
,,,,,,,,ORD_002564,,,,,
,,,,,,,,ORD_002565,,,,,
,,,,,,,,ORD_002566,,,,,
,,,,,,,,ORD_002567,,,,,
,,,,,,,,ORD_002568,,,,,
,,,,,,,,ORD_002569,,,,,
,,,,,,,,ORD_002570,,,,,
,,,,,,,,ORD_002571,,,,,
,,,,,,,,ORD_002572,,,,,
,,,,,,,,ORD_002573,,,,,
,,,,,,,,ORD_002574,,,,,
,,,,,,,,ORD_002575,,,,,
,,,,,,,,ORD_002576,,,,,
,,,,,,,,ORD_002577,,,,,
,,,,,,,,ORD_002578,,,,,
,,,,,,,,ORD_002579,,,,,
,,,,,,,,ORD_002580,,,,,
,,,,,,,,ORD_002581,,,,,
,,,,,,,,ORD_002582,,,,,
,,,,,,,,ORD_002583,,,,,
,,,,,,,,ORD_002584,,,,,
,,,,,,,,ORD_002585,,,,,
,,,,,,,,ORD_002586,,,,,
,,,,,,,,ORD_002587,,,,,
,,,,,,,,ORD_002588,,,,,
,,,,,,,,ORD_002589,,,,,
,,,,,,,,ORD_002590,,,,,
,,,,,,,,ORD_002591,,,,,
,,,,,,,,ORD_002592,,,,,
,,,,,,,,ORD_002593,,,,,
,,,,,,,,ORD_002594,,,,,
,,,,,,,,ORD_002595,,,,,
,,,,,,,,ORD_002596,,,,,
,,,,,,,,ORD_002597,,,,,
,,,,,,,,ORD_002598,,,,,
,,,,,,,,ORD_002599,,,,,
,,,,,,,,ORD_002600,,,,,
,,,,,,,,ORD_002601,,,,,
,,,,,,,,ORD_002602,,,,,
,,,,,,,,ORD_002603,,,,,
,,,,,,,,ORD_002604,,,,,
,,,,,,,,ORD_002605,,,,,
,,,,,,,,ORD_002606,,,,,
,,,,,,,,ORD_002607,,,,,
,,,,,,,,ORD_002608,,,,,
,,,,,,,,ORD_002609,,,,,
,,,,,,,,ORD_002610,,,,,
,,,,,,,,ORD_002611,,,,,
,,,,,,,,ORD_002612,,,,,
,,,,,,,,ORD_002613,,,,,
,,,,,,,,ORD_002614,,,,,
,,,,,,,,ORD_002615,,,,,
,,,,,,,,ORD_002616,,,,,
,,,,,,,,ORD_002617,,,,,
,,,,,,,,ORD_002618,,,,,
,,,,,,,,ORD_002619,,,,,
,,,,,,,,ORD_002620,,,,,
,,,,,,,,ORD_002621,,,,,
,,,,,,,,ORD_002622,,,,,
,,,,,,,,ORD_002623,,,,,
,,,,,,,,ORD_002624,,,,,
,,,,,,,,ORD_002625,,,,,
,,,,,,,,ORD_002626,,,,,
,,,,,,,,ORD_002627,,,,,
,,,,,,,,ORD_002628,,,,,
,,,,,,,,ORD_002629,,,,,
,,,,,,,,ORD_002630,,,,,
,,,,,,,,ORD_002631,,,,,
,,,,,,,,ORD_002632,,,,,
,,,,,,,,ORD_002633,,,,,
,,,,,,,,ORD_002634,,,,,
,,,,,,,,ORD_002635,,,,,
,,,,,,,,ORD_002636,,,,,
,,,,,,,,ORD_002637,,,,,
,,,,,,,,ORD_002638,,,,,
,,,,,,,,ORD_002639,,,,,
,,,,,,,,ORD_002640,,,,,
,,,,,,,,ORD_002641,,,,,
,,,,,,,,ORD_002642,,,,,
,,,,,,,,ORD_002643,,,,,
,,,,,,,,ORD_002644,,,,,
,,,,,,,,ORD_002645,,,,,
,,,,,,,,ORD_002646,,,,,
,,,,,,,,ORD_002647,,,,,
,,,,,,,,ORD_002648,,,,,
,,,,,,,,ORD_002649,,,,,
,,,,,,,,ORD_002650,,,,,
,,,,,,,,ORD_002651,,,,,
,,,,,,,,ORD_002652,,,,,
,,,,,,,,ORD_002653,,,,,
,,,,,,,,ORD_002654,,,,,
,,,,,,,,ORD_002655,,,,,
,,,,,,,,ORD_002656,,,,,
,,,,,,,,ORD_002657,,,,,
,,,,,,,,ORD_002658,,,,,
,,,,,,,,ORD_002659,,,,,
,,,,,,,,ORD_002660,,,,,
,,,,,,,,ORD_002661,,,,,
,,,,,,,,ORD_002662,,,,,
,,,,,,,,ORD_002663,,,,,
,,,,,,,,ORD_002664,,,,,
,,,,,,,,ORD_002665,,,,,
,,,,,,,,ORD_002666,,,,,
,,,,,,,,ORD_002667,,,,,
,,,,,,,,ORD_002668,,,,,
,,,,,,,,ORD_002669,,,,,
,,,,,,,,ORD_002670,,,,,
,,,,,,,,ORD_002671,,,,,
,,,,,,,,ORD_002672,,,,,
,,,,,,,,ORD_002673,,,,,
,,,,,,,,ORD_002674,,,,,
,,,,,,,,ORD_002675,,,,,
,,,,,,,,ORD_002676,,,,,
,,,,,,,,ORD_002677,,,,,
,,,,,,,,ORD_002678,,,,,
,,,,,,,,ORD_002679,,,,,
,,,,,,,,ORD_002680,,,,,
,,,,,,,,ORD_002681,,,,,
,,,,,,,,ORD_002682,,,,,
,,,,,,,,ORD_002683,,,,,
,,,,,,,,ORD_002684,,,,,
,,,,,,,,ORD_002685,,,,,
,,,,,,,,ORD_002686,,,,,
,,,,,,,,ORD_002687,,,,,
,,,,,,,,ORD_002688,,,,,
,,,,,,,,ORD_002689,,,,,
,,,,,,,,ORD_002690,,,,,
,,,,,,,,ORD_002691,,,,,
,,,,,,,,ORD_002692,,,,,
,,,,,,,,ORD_002693,,,,,
,,,,,,,,ORD_002694,,,,,
,,,,,,,,ORD_002695,,,,,
,,,,,,,,ORD_002696,,,,,
,,,,,,,,ORD_002697,,,,,
,,,,,,,,ORD_002698,,,,,
,,,,,,,,ORD_002699,,,,,
,,,,,,,,ORD_002700,,,,,
,,,,,,,,ORD_002701,,,,,
,,,,,,,,ORD_002702,,,,,
,,,,,,,,ORD_002703,,,,,
,,,,,,,,ORD_002704,,,,,
,,,,,,,,ORD_002705,,,,,
,,,,,,,,ORD_002706,,,,,
,,,,,,,,ORD_002707,,,,,
,,,,,,,,ORD_002708,,,,,
,,,,,,,,ORD_002709,,,,,
,,,,,,,,ORD_002710,,,,,
,,,,,,,,ORD_002711,,,,,
,,,,,,,,ORD_002712,,,,,
,,,,,,,,ORD_002713,,,,,
,,,,,,,,ORD_002714,,,,,
,,,,,,,,ORD_002715,,,,,
,,,,,,,,ORD_002716,,,,,
,,,,,,,,ORD_002717,,,,,
,,,,,,,,ORD_002718,,,,,
,,,,,,,,ORD_002719,,,,,
,,,,,,,,ORD_002720,,,,,
,,,,,,,,ORD_002721,,,,,
,,,,,,,,ORD_002722,,,,,
,,,,,,,,ORD_002723,,,,,
,,,,,,,,ORD_002724,,,,,
,,,,,,,,ORD_002725,,,,,
,,,,,,,,ORD_002726,,,,,
,,,,,,,,ORD_002727,,,,,
,,,,,,,,ORD_002728,,,,,
,,,,,,,,ORD_002729,,,,,
,,,,,,,,ORD_002730,,,,,
,,,,,,,,ORD_002731,,,,,
,,,,,,,,ORD_002732,,,,,
,,,,,,,,ORD_002733,,,,,
,,,,,,,,ORD_002734,,,,,
,,,,,,,,ORD_002735,,,,,
,,,,,,,,ORD_002736,,,,,
,,,,,,,,ORD_002737,,,,,
,,,,,,,,ORD_002738,,,,,
,,,,,,,,ORD_002739,,,,,
,,,,,,,,ORD_002740,,,,,
,,,,,,,,ORD_002741,,,,,
,,,,,,,,ORD_002742,,,,,
,,,,,,,,ORD_002743,,,,,
,,,,,,,,ORD_002744,,,,,
,,,,,,,,ORD_002745,,,,,
,,,,,,,,ORD_002746,,,,,
,,,,,,,,ORD_002747,,,,,
,,,,,,,,ORD_002748,,,,,
,,,,,,,,ORD_002749,,,,,
,,,,,,,,ORD_002750,,,,,
,,,,,,,,ORD_002751,,,,,
,,,,,,,,ORD_002752,,,,,
,,,,,,,,ORD_002753,,,,,
,,,,,,,,ORD_002754,,,,,
,,,,,,,,ORD_002755,,,,,
,,,,,,,,ORD_002756,,,,,
,,,,,,,,ORD_002757,,,,,
,,,,,,,,ORD_002758,,,,,
,,,,,,,,ORD_002759,,,,,
,,,,,,,,ORD_002760,,,,,
,,,,,,,,ORD_002761,,,,,
,,,,,,,,ORD_002762,,,,,
,,,,,,,,ORD_002763,,,,,
,,,,,,,,ORD_002764,,,,,
,,,,,,,,ORD_002765,,,,,
,,,,,,,,ORD_002766,,,,,
,,,,,,,,ORD_002767,,,,,
,,,,,,,,ORD_002768,,,,,
,,,,,,,,ORD_002769,,,,,
,,,,,,,,ORD_002770,,,,,
,,,,,,,,ORD_002771,,,,,
,,,,,,,,ORD_002772,,,,,
,,,,,,,,ORD_002773,,,,,
,,,,,,,,ORD_002774,,,,,
,,,,,,,,ORD_002775,,,,,
,,,,,,,,ORD_002776,,,,,
,,,,,,,,ORD_002777,,,,,
,,,,,,,,ORD_002778,,,,,
,,,,,,,,ORD_002779,,,,,
,,,,,,,,ORD_002780,,,,,
,,,,,,,,ORD_002781,,,,,
,,,,,,,,ORD_002782,,,,,
,,,,,,,,ORD_002783,,,,,
,,,,,,,,ORD_002784,,,,,
,,,,,,,,ORD_002785,,,,,
,,,,,,,,ORD_002786,,,,,
,,,,,,,,ORD_002787,,,,,
,,,,,,,,ORD_002788,,,,,
,,,,,,,,ORD_002789,,,,,
,,,,,,,,ORD_002790,,,,,
,,,,,,,,ORD_002791,,,,,
,,,,,,,,ORD_002792,,,,,
,,,,,,,,ORD_002793,,,,,
,,,,,,,,ORD_002794,,,,,
,,,,,,,,ORD_002795,,,,,
,,,,,,,,ORD_002796,,,,,
,,,,,,,,ORD_002797,,,,,
,,,,,,,,ORD_002798,,,,,
,,,,,,,,ORD_002799,,,,,
,,,,,,,,ORD_002800,,,,,
,,,,,,,,ORD_002801,,,,,
,,,,,,,,ORD_002802,,,,,
,,,,,,,,ORD_002803,,,,,
,,,,,,,,ORD_002804,,,,,
,,,,,,,,ORD_002805,,,,,
,,,,,,,,ORD_002806,,,,,
,,,,,,,,ORD_002807,,,,,
,,,,,,,,ORD_002808,,,,,
,,,,,,,,ORD_002809,,,,,
,,,,,,,,ORD_002810,,,,,
,,,,,,,,ORD_002811,,,,,
,,,,,,,,ORD_002812,,,,,
,,,,,,,,ORD_002813,,,,,
,,,,,,,,ORD_002814,,,,,
,,,,,,,,ORD_002815,,,,,
,,,,,,,,ORD_002816,,,,,
,,,,,,,,ORD_002817,,,,,
,,,,,,,,ORD_002818,,,,,
,,,,,,,,ORD_002819,,,,,
,,,,,,,,ORD_002820,,,,,
,,,,,,,,ORD_002821,,,,,
,,,,,,,,ORD_002822,,,,,
,,,,,,,,ORD_002823,,,,,
,,,,,,,,ORD_002824,,,,,
,,,,,,,,ORD_002825,,,,,
,,,,,,,,ORD_002826,,,,,
,,,,,,,,ORD_002827,,,,,
,,,,,,,,ORD_002828,,,,,
,,,,,,,,ORD_002829,,,,,
,,,,,,,,ORD_002830,,,,,
,,,,,,,,ORD_002831,,,,,
,,,,,,,,ORD_002832,,,,,
,,,,,,,,ORD_002833,,,,,
,,,,,,,,ORD_002834,,,,,
,,,,,,,,ORD_002835,,,,,
,,,,,,,,ORD_002836,,,,,
,,,,,,,,ORD_002837,,,,,
,,,,,,,,ORD_002838,,,,,
,,,,,,,,ORD_002839,,,,,
,,,,,,,,ORD_002840,,,,,
,,,,,,,,ORD_002841,,,,,
,,,,,,,,ORD_002842,,,,,
,,,,,,,,ORD_002843,,,,,
,,,,,,,,ORD_002844,,,,,
,,,,,,,,ORD_002845,,,,,
,,,,,,,,ORD_002846,,,,,
,,,,,,,,ORD_002847,,,,,
,,,,,,,,ORD_002848,,,,,
,,,,,,,,ORD_002849,,,,,
,,,,,,,,ORD_002850,,,,,
,,,,,,,,ORD_002851,,,,,
,,,,,,,,ORD_002852,,,,,
,,,,,,,,ORD_002853,,,,,
,,,,,,,,ORD_002854,,,,,
,,,,,,,,ORD_002855,,,,,
,,,,,,,,ORD_002856,,,,,
,,,,,,,,ORD_002857,,,,,
,,,,,,,,ORD_002858,,,,,
,,,,,,,,ORD_002859,,,,,
,,,,,,,,ORD_002860,,,,,
,,,,,,,,ORD_002861,,,,,
,,,,,,,,ORD_002862,,,,,
,,,,,,,,ORD_002863,,,,,
,,,,,,,,ORD_002864,,,,,
,,,,,,,,ORD_002865,,,,,
,,,,,,,,ORD_002866,,,,,
,,,,,,,,ORD_002867,,,,,
,,,,,,,,ORD_002868,,,,,
,,,,,,,,ORD_002869,,,,,
,,,,,,,,ORD_002870,,,,,
,,,,,,,,ORD_002871,,,,,
,,,,,,,,ORD_002872,,,,,
,,,,,,,,ORD_002873,,,,,
,,,,,,,,ORD_002874,,,,,
,,,,,,,,ORD_002875,,,,,
,,,,,,,,ORD_002876,,,,,
,,,,,,,,ORD_002877,,,,,
,,,,,,,,ORD_002878,,,,,
,,,,,,,,ORD_002879,,,,,
,,,,,,,,ORD_002880,,,,,
,,,,,,,,ORD_002881,,,,,
,,,,,,,,ORD_002882,,,,,
,,,,,,,,ORD_002883,,,,,
,,,,,,,,ORD_002884,,,,,
,,,,,,,,ORD_002885,,,,,
,,,,,,,,ORD_002886,,,,,
,,,,,,,,ORD_002887,,,,,
,,,,,,,,ORD_002888,,,,,
,,,,,,,,ORD_002889,,,,,
,,,,,,,,ORD_002890,,,,,
,,,,,,,,ORD_002891,,,,,
,,,,,,,,ORD_002892,,,,,
,,,,,,,,ORD_002893,,,,,
,,,,,,,,ORD_002894,,,,,
,,,,,,,,ORD_002895,,,,,
,,,,,,,,ORD_002896,,,,,
,,,,,,,,ORD_002897,,,,,
,,,,,,,,ORD_002898,,,,,
,,,,,,,,ORD_002899,,,,,
,,,,,,,,ORD_002900,,,,,
,,,,,,,,ORD_002901,,,,,
,,,,,,,,ORD_002902,,,,,
,,,,,,,,ORD_002903,,,,,
,,,,,,,,ORD_002904,,,,,
,,,,,,,,ORD_002905,,,,,
,,,,,,,,ORD_002906,,,,,
,,,,,,,,ORD_002907,,,,,
,,,,,,,,ORD_002908,,,,,
,,,,,,,,ORD_002909,,,,,
,,,,,,,,ORD_002910,,,,,
,,,,,,,,ORD_002911,,,,,
,,,,,,,,ORD_002912,,,,,
,,,,,,,,ORD_002913,,,,,
,,,,,,,,ORD_002914,,,,,
,,,,,,,,ORD_002915,,,,,
,,,,,,,,ORD_002916,,,,,
,,,,,,,,ORD_002917,,,,,
,,,,,,,,ORD_002918,,,,,
,,,,,,,,ORD_002919,,,,,
,,,,,,,,ORD_002920,,,,,
,,,,,,,,ORD_002921,,,,,
,,,,,,,,ORD_002922,,,,,
,,,,,,,,ORD_002923,,,,,
,,,,,,,,ORD_002924,,,,,
,,,,,,,,ORD_002925,,,,,
,,,,,,,,ORD_002926,,,,,
,,,,,,,,ORD_002927,,,,,
,,,,,,,,ORD_002928,,,,,
,,,,,,,,ORD_002929,,,,,
,,,,,,,,ORD_002930,,,,,
,,,,,,,,ORD_002931,,,,,
,,,,,,,,ORD_002932,,,,,
,,,,,,,,ORD_002933,,,,,
,,,,,,,,ORD_002934,,,,,
,,,,,,,,ORD_002935,,,,,
,,,,,,,,ORD_002936,,,,,
,,,,,,,,ORD_002937,,,,,
,,,,,,,,ORD_002938,,,,,
,,,,,,,,ORD_002939,,,,,
,,,,,,,,ORD_002940,,,,,
,,,,,,,,ORD_002941,,,,,
,,,,,,,,ORD_002942,,,,,
,,,,,,,,ORD_002943,,,,,
,,,,,,,,ORD_002944,,,,,
,,,,,,,,ORD_002945,,,,,
,,,,,,,,ORD_002946,,,,,
,,,,,,,,ORD_002947,,,,,
,,,,,,,,ORD_002948,,,,,
,,,,,,,,ORD_002949,,,,,
,,,,,,,,ORD_002950,,,,,
,,,,,,,,ORD_002951,,,,,
,,,,,,,,ORD_002952,,,,,
,,,,,,,,ORD_002953,,,,,
,,,,,,,,ORD_002954,,,,,
,,,,,,,,ORD_002955,,,,,
,,,,,,,,ORD_002956,,,,,
,,,,,,,,ORD_002957,,,,,
,,,,,,,,ORD_002958,,,,,
,,,,,,,,ORD_002959,,,,,
,,,,,,,,ORD_002960,,,,,
,,,,,,,,ORD_002961,,,,,
,,,,,,,,ORD_002962,,,,,
,,,,,,,,ORD_002963,,,,,
,,,,,,,,ORD_002964,,,,,
,,,,,,,,ORD_002965,,,,,
,,,,,,,,ORD_002966,,,,,
,,,,,,,,ORD_002967,,,,,
,,,,,,,,ORD_002968,,,,,
,,,,,,,,ORD_002969,,,,,
,,,,,,,,ORD_002970,,,,,
,,,,,,,,ORD_002971,,,,,
,,,,,,,,ORD_002972,,,,,
,,,,,,,,ORD_002973,,,,,
,,,,,,,,ORD_002974,,,,,
,,,,,,,,ORD_002975,,,,,
,,,,,,,,ORD_002976,,,,,
,,,,,,,,ORD_002977,,,,,
,,,,,,,,ORD_002978,,,,,
,,,,,,,,ORD_002979,,,,,
,,,,,,,,ORD_002980,,,,,
,,,,,,,,ORD_002981,,,,,
,,,,,,,,ORD_002982,,,,,
,,,,,,,,ORD_002983,,,,,
,,,,,,,,ORD_002984,,,,,
,,,,,,,,ORD_002985,,,,,
,,,,,,,,ORD_002986,,,,,
,,,,,,,,ORD_002987,,,,,
,,,,,,,,ORD_002988,,,,,
,,,,,,,,ORD_002989,,,,,
,,,,,,,,ORD_002990,,,,,
,,,,,,,,ORD_002991,,,,,
,,,,,,,,ORD_002992,,,,,
,,,,,,,,ORD_002993,,,,,
,,,,,,,,ORD_002994,,,,,
,,,,,,,,ORD_002995,,,,,
,,,,,,,,ORD_002996,,,,,
,,,,,,,,ORD_002997,,,,,
,,,,,,,,ORD_002998,,,,,
,,,,,,,,ORD_002999,,,,,
,,,,,,,,ORD_003000,,,,,
,,,,,,,,ORD_003001,,,,,
,,,,,,,,ORD_003002,,,,,
,,,,,,,,ORD_003003,,,,,
,,,,,,,,ORD_003004,,,,,
,,,,,,,,ORD_003005,,,,,
,,,,,,,,ORD_003006,,,,,
,,,,,,,,ORD_003007,,,,,
,,,,,,,,ORD_003008,,,,,
,,,,,,,,ORD_003009,,,,,
,,,,,,,,ORD_003010,,,,,
,,,,,,,,ORD_003011,,,,,
,,,,,,,,ORD_003012,,,,,
,,,,,,,,ORD_003013,,,,,
,,,,,,,,ORD_003014,,,,,
,,,,,,,,ORD_003015,,,,,
,,,,,,,,ORD_003016,,,,,
,,,,,,,,ORD_003017,,,,,
,,,,,,,,ORD_003018,,,,,
,,,,,,,,ORD_003019,,,,,
,,,,,,,,ORD_003020,,,,,
,,,,,,,,ORD_003021,,,,,
,,,,,,,,ORD_003022,,,,,
,,,,,,,,ORD_003023,,,,,
,,,,,,,,ORD_003024,,,,,
,,,,,,,,ORD_003025,,,,,
,,,,,,,,ORD_003026,,,,,
,,,,,,,,ORD_003027,,,,,
,,,,,,,,ORD_003028,,,,,
,,,,,,,,ORD_003029,,,,,
,,,,,,,,ORD_003030,,,,,
,,,,,,,,ORD_003031,,,,,
,,,,,,,,ORD_003032,,,,,
,,,,,,,,ORD_003033,,,,,
,,,,,,,,ORD_003034,,,,,
,,,,,,,,ORD_003035,,,,,
,,,,,,,,ORD_003036,,,,,
,,,,,,,,ORD_003037,,,,,
,,,,,,,,ORD_003038,,,,,
,,,,,,,,ORD_003039,,,,,
,,,,,,,,ORD_003040,,,,,
,,,,,,,,ORD_003041,,,,,
,,,,,,,,ORD_003042,,,,,
,,,,,,,,ORD_003043,,,,,
,,,,,,,,ORD_003044,,,,,
,,,,,,,,ORD_003045,,,,,
,,,,,,,,ORD_003046,,,,,
,,,,,,,,ORD_003047,,,,,
,,,,,,,,ORD_003048,,,,,
,,,,,,,,ORD_003049,,,,,
,,,,,,,,ORD_003050,,,,,
,,,,,,,,ORD_003051,,,,,
,,,,,,,,ORD_003052,,,,,
,,,,,,,,ORD_003053,,,,,
,,,,,,,,ORD_003054,,,,,
,,,,,,,,ORD_003055,,,,,
,,,,,,,,ORD_003056,,,,,
,,,,,,,,ORD_003057,,,,,
,,,,,,,,ORD_003058,,,,,
,,,,,,,,ORD_003059,,,,,
,,,,,,,,ORD_003060,,,,,
,,,,,,,,ORD_003061,,,,,
,,,,,,,,ORD_003062,,,,,
,,,,,,,,ORD_003063,,,,,
,,,,,,,,ORD_003064,,,,,
,,,,,,,,ORD_003065,,,,,
,,,,,,,,ORD_003066,,,,,
,,,,,,,,ORD_003067,,,,,
,,,,,,,,ORD_003068,,,,,
,,,,,,,,ORD_003069,,,,,
,,,,,,,,ORD_003070,,,,,
,,,,,,,,ORD_003071,,,,,
,,,,,,,,ORD_003072,,,,,
,,,,,,,,ORD_003073,,,,,
,,,,,,,,ORD_003074,,,,,
,,,,,,,,ORD_003075,,,,,
,,,,,,,,ORD_003076,,,,,
,,,,,,,,ORD_003077,,,,,
,,,,,,,,ORD_003078,,,,,
,,,,,,,,ORD_003079,,,,,
,,,,,,,,ORD_003080,,,,,
,,,,,,,,ORD_003081,,,,,
,,,,,,,,ORD_003082,,,,,
,,,,,,,,ORD_003083,,,,,
,,,,,,,,ORD_003084,,,,,
,,,,,,,,ORD_003085,,,,,
,,,,,,,,ORD_003086,,,,,
,,,,,,,,ORD_003087,,,,,
,,,,,,,,ORD_003088,,,,,
,,,,,,,,ORD_003089,,,,,
,,,,,,,,ORD_003090,,,,,
,,,,,,,,ORD_003091,,,,,
,,,,,,,,ORD_003092,,,,,
,,,,,,,,ORD_003093,,,,,
,,,,,,,,ORD_003094,,,,,
,,,,,,,,ORD_003095,,,,,
,,,,,,,,ORD_003096,,,,,
,,,,,,,,ORD_003097,,,,,
,,,,,,,,ORD_003098,,,,,
,,,,,,,,ORD_003099,,,,,
,,,,,,,,ORD_003100,,,,,
,,,,,,,,ORD_003101,,,,,
,,,,,,,,ORD_003102,,,,,
,,,,,,,,ORD_003103,,,,,
,,,,,,,,ORD_003104,,,,,
,,,,,,,,ORD_003105,,,,,
,,,,,,,,ORD_003106,,,,,
,,,,,,,,ORD_003107,,,,,
,,,,,,,,ORD_003108,,,,,
,,,,,,,,ORD_003109,,,,,
,,,,,,,,ORD_003110,,,,,
,,,,,,,,ORD_003111,,,,,
,,,,,,,,ORD_003112,,,,,
,,,,,,,,ORD_003113,,,,,
,,,,,,,,ORD_003114,,,,,
,,,,,,,,ORD_003115,,,,,
,,,,,,,,ORD_003116,,,,,
,,,,,,,,ORD_003117,,,,,
,,,,,,,,ORD_003118,,,,,
,,,,,,,,ORD_003119,,,,,
,,,,,,,,ORD_003120,,,,,
,,,,,,,,ORD_003121,,,,,
,,,,,,,,ORD_003122,,,,,
,,,,,,,,ORD_003123,,,,,
,,,,,,,,ORD_003124,,,,,
,,,,,,,,ORD_003125,,,,,
,,,,,,,,ORD_003126,,,,,
,,,,,,,,ORD_003127,,,,,
,,,,,,,,ORD_003128,,,,,
,,,,,,,,ORD_003129,,,,,
,,,,,,,,ORD_003130,,,,,
,,,,,,,,ORD_003131,,,,,
,,,,,,,,ORD_003132,,,,,
,,,,,,,,ORD_003133,,,,,
,,,,,,,,ORD_003134,,,,,
,,,,,,,,ORD_003135,,,,,
,,,,,,,,ORD_003136,,,,,
,,,,,,,,ORD_003137,,,,,
,,,,,,,,ORD_003138,,,,,
,,,,,,,,ORD_003139,,,,,
,,,,,,,,ORD_003140,,,,,
,,,,,,,,ORD_003141,,,,,
,,,,,,,,ORD_003142,,,,,
,,,,,,,,ORD_003143,,,,,
,,,,,,,,ORD_003144,,,,,
,,,,,,,,ORD_003145,,,,,
,,,,,,,,ORD_003146,,,,,
,,,,,,,,ORD_003147,,,,,
,,,,,,,,ORD_003148,,,,,
,,,,,,,,ORD_003149,,,,,
,,,,,,,,ORD_003150,,,,,
,,,,,,,,ORD_003151,,,,,
,,,,,,,,ORD_003152,,,,,
,,,,,,,,ORD_003153,,,,,
,,,,,,,,ORD_003154,,,,,
,,,,,,,,ORD_003155,,,,,
,,,,,,,,ORD_003156,,,,,
,,,,,,,,ORD_003157,,,,,
,,,,,,,,ORD_003158,,,,,
,,,,,,,,ORD_003159,,,,,
,,,,,,,,ORD_003160,,,,,
,,,,,,,,ORD_003161,,,,,
,,,,,,,,ORD_003162,,,,,
,,,,,,,,ORD_003163,,,,,
,,,,,,,,ORD_003164,,,,,
,,,,,,,,ORD_003165,,,,,
,,,,,,,,ORD_003166,,,,,
,,,,,,,,ORD_003167,,,,,
,,,,,,,,ORD_003168,,,,,
,,,,,,,,ORD_003169,,,,,
,,,,,,,,ORD_003170,,,,,
,,,,,,,,ORD_003171,,,,,
,,,,,,,,ORD_003172,,,,,
,,,,,,,,ORD_003173,,,,,
,,,,,,,,ORD_003174,,,,,
,,,,,,,,ORD_003175,,,,,
,,,,,,,,ORD_003176,,,,,
,,,,,,,,ORD_003177,,,,,
,,,,,,,,ORD_003178,,,,,
,,,,,,,,ORD_003179,,,,,
,,,,,,,,ORD_003180,,,,,
,,,,,,,,ORD_003181,,,,,
,,,,,,,,ORD_003182,,,,,
,,,,,,,,ORD_003183,,,,,
,,,,,,,,ORD_003184,,,,,
,,,,,,,,ORD_003185,,,,,
,,,,,,,,ORD_003186,,,,,
,,,,,,,,ORD_003187,,,,,
,,,,,,,,ORD_003188,,,,,
,,,,,,,,ORD_003189,,,,,
,,,,,,,,ORD_003190,,,,,
,,,,,,,,ORD_003191,,,,,
,,,,,,,,ORD_003192,,,,,
,,,,,,,,ORD_003193,,,,,
,,,,,,,,ORD_003194,,,,,
,,,,,,,,ORD_003195,,,,,
,,,,,,,,ORD_003196,,,,,
,,,,,,,,ORD_003197,,,,,
,,,,,,,,ORD_003198,,,,,
,,,,,,,,ORD_003199,,,,,
,,,,,,,,ORD_003200,,,,,
,,,,,,,,ORD_003201,,,,,
,,,,,,,,ORD_003202,,,,,
,,,,,,,,ORD_003203,,,,,
,,,,,,,,ORD_003204,,,,,
,,,,,,,,ORD_003205,,,,,
,,,,,,,,ORD_003206,,,,,
,,,,,,,,ORD_003207,,,,,
,,,,,,,,ORD_003208,,,,,
,,,,,,,,ORD_003209,,,,,
,,,,,,,,ORD_003210,,,,,
,,,,,,,,ORD_003211,,,,,
,,,,,,,,ORD_003212,,,,,
,,,,,,,,ORD_003213,,,,,
,,,,,,,,ORD_003214,,,,,
,,,,,,,,ORD_003215,,,,,
,,,,,,,,ORD_003216,,,,,
,,,,,,,,ORD_003217,,,,,
,,,,,,,,ORD_003218,,,,,
,,,,,,,,ORD_003219,,,,,
,,,,,,,,ORD_003220,,,,,
,,,,,,,,ORD_003221,,,,,
,,,,,,,,ORD_003222,,,,,
,,,,,,,,ORD_003223,,,,,
,,,,,,,,ORD_003224,,,,,
,,,,,,,,ORD_003225,,,,,
,,,,,,,,ORD_003226,,,,,
,,,,,,,,ORD_003227,,,,,
,,,,,,,,ORD_003228,,,,,
,,,,,,,,ORD_003229,,,,,
,,,,,,,,ORD_003230,,,,,
,,,,,,,,ORD_003231,,,,,
,,,,,,,,ORD_003232,,,,,
,,,,,,,,ORD_003233,,,,,
,,,,,,,,ORD_003234,,,,,
,,,,,,,,ORD_003235,,,,,
,,,,,,,,ORD_003236,,,,,
,,,,,,,,ORD_003237,,,,,
,,,,,,,,ORD_003238,,,,,
,,,,,,,,ORD_003239,,,,,
,,,,,,,,ORD_003240,,,,,
,,,,,,,,ORD_003241,,,,,
,,,,,,,,ORD_003242,,,,,
,,,,,,,,ORD_003243,,,,,
,,,,,,,,ORD_003244,,,,,
,,,,,,,,ORD_003245,,,,,
,,,,,,,,ORD_003246,,,,,
,,,,,,,,ORD_003247,,,,,
,,,,,,,,ORD_003248,,,,,
,,,,,,,,ORD_003249,,,,,
,,,,,,,,ORD_003250,,,,,
,,,,,,,,ORD_003251,,,,,
,,,,,,,,ORD_003252,,,,,
,,,,,,,,ORD_003253,,,,,
,,,,,,,,ORD_003254,,,,,
,,,,,,,,ORD_003255,,,,,
,,,,,,,,ORD_003256,,,,,
,,,,,,,,ORD_003257,,,,,
,,,,,,,,ORD_003258,,,,,
,,,,,,,,ORD_003259,,,,,
,,,,,,,,ORD_003260,,,,,
,,,,,,,,ORD_003261,,,,,
,,,,,,,,ORD_003262,,,,,
,,,,,,,,ORD_003263,,,,,
,,,,,,,,ORD_003264,,,,,
,,,,,,,,ORD_003265,,,,,
,,,,,,,,ORD_003266,,,,,
,,,,,,,,ORD_003267,,,,,
,,,,,,,,ORD_003268,,,,,
,,,,,,,,ORD_003269,,,,,
,,,,,,,,ORD_003270,,,,,
,,,,,,,,ORD_003271,,,,,
,,,,,,,,ORD_003272,,,,,
,,,,,,,,ORD_003273,,,,,
,,,,,,,,ORD_003274,,,,,
,,,,,,,,ORD_003275,,,,,
,,,,,,,,ORD_003276,,,,,
,,,,,,,,ORD_003277,,,,,
,,,,,,,,ORD_003278,,,,,
,,,,,,,,ORD_003279,,,,,
,,,,,,,,ORD_003280,,,,,
,,,,,,,,ORD_003281,,,,,
,,,,,,,,ORD_003282,,,,,
,,,,,,,,ORD_003283,,,,,
,,,,,,,,ORD_003284,,,,,
,,,,,,,,ORD_003285,,,,,
,,,,,,,,ORD_003286,,,,,
,,,,,,,,ORD_003287,,,,,
,,,,,,,,ORD_003288,,,,,
,,,,,,,,ORD_003289,,,,,
,,,,,,,,ORD_003290,,,,,
,,,,,,,,ORD_003291,,,,,
,,,,,,,,ORD_003292,,,,,
,,,,,,,,ORD_003293,,,,,
,,,,,,,,ORD_003294,,,,,
,,,,,,,,ORD_003295,,,,,
,,,,,,,,ORD_003296,,,,,
,,,,,,,,ORD_003297,,,,,
,,,,,,,,ORD_003298,,,,,
,,,,,,,,ORD_003299,,,,,
,,,,,,,,ORD_003300,,,,,
,,,,,,,,ORD_003301,,,,,
,,,,,,,,ORD_003302,,,,,
,,,,,,,,ORD_003303,,,,,
,,,,,,,,ORD_003304,,,,,
,,,,,,,,ORD_003305,,,,,
,,,,,,,,ORD_003306,,,,,
,,,,,,,,ORD_003307,,,,,
,,,,,,,,ORD_003308,,,,,
,,,,,,,,ORD_003309,,,,,
,,,,,,,,ORD_003310,,,,,
,,,,,,,,ORD_003311,,,,,
,,,,,,,,ORD_003312,,,,,
,,,,,,,,ORD_003313,,,,,
,,,,,,,,ORD_003314,,,,,
,,,,,,,,ORD_003315,,,,,
,,,,,,,,ORD_003316,,,,,
,,,,,,,,ORD_003317,,,,,
,,,,,,,,ORD_003318,,,,,
,,,,,,,,ORD_003319,,,,,
,,,,,,,,ORD_003320,,,,,
,,,,,,,,ORD_003321,,,,,
,,,,,,,,ORD_003322,,,,,
,,,,,,,,ORD_003323,,,,,
,,,,,,,,ORD_003324,,,,,
,,,,,,,,ORD_003325,,,,,
,,,,,,,,ORD_003326,,,,,
,,,,,,,,ORD_003327,,,,,
,,,,,,,,ORD_003328,,,,,
,,,,,,,,ORD_003329,,,,,
,,,,,,,,ORD_003330,,,,,
,,,,,,,,ORD_003331,,,,,
,,,,,,,,ORD_003332,,,,,
,,,,,,,,ORD_003333,,,,,
,,,,,,,,ORD_003334,,,,,
,,,,,,,,ORD_003335,,,,,
,,,,,,,,ORD_003336,,,,,
,,,,,,,,ORD_003337,,,,,
,,,,,,,,ORD_003338,,,,,
,,,,,,,,ORD_003339,,,,,
,,,,,,,,ORD_003340,,,,,
,,,,,,,,ORD_003341,,,,,
,,,,,,,,ORD_003342,,,,,
,,,,,,,,ORD_003343,,,,,
,,,,,,,,ORD_003344,,,,,
,,,,,,,,ORD_003345,,,,,
,,,,,,,,ORD_003346,,,,,
,,,,,,,,ORD_003347,,,,,
,,,,,,,,ORD_003348,,,,,
,,,,,,,,ORD_003349,,,,,
,,,,,,,,ORD_003350,,,,,
,,,,,,,,ORD_003351,,,,,
,,,,,,,,ORD_003352,,,,,
,,,,,,,,ORD_003353,,,,,
,,,,,,,,ORD_003354,,,,,
,,,,,,,,ORD_003355,,,,,
,,,,,,,,ORD_003356,,,,,
,,,,,,,,ORD_003357,,,,,
,,,,,,,,ORD_003358,,,,,
,,,,,,,,ORD_003359,,,,,
,,,,,,,,ORD_003360,,,,,
,,,,,,,,ORD_003361,,,,,
,,,,,,,,ORD_003362,,,,,
,,,,,,,,ORD_003363,,,,,
,,,,,,,,ORD_003364,,,,,
,,,,,,,,ORD_003365,,,,,
,,,,,,,,ORD_003366,,,,,
,,,,,,,,ORD_003367,,,,,
,,,,,,,,ORD_003368,,,,,
,,,,,,,,ORD_003369,,,,,
,,,,,,,,ORD_003370,,,,,
,,,,,,,,ORD_003371,,,,,
,,,,,,,,ORD_003372,,,,,
,,,,,,,,ORD_003373,,,,,
,,,,,,,,ORD_003374,,,,,
,,,,,,,,ORD_003375,,,,,
,,,,,,,,ORD_003376,,,,,
,,,,,,,,ORD_003377,,,,,
,,,,,,,,ORD_003378,,,,,
,,,,,,,,ORD_003379,,,,,
,,,,,,,,ORD_003380,,,,,
,,,,,,,,ORD_003381,,,,,
,,,,,,,,ORD_003382,,,,,
,,,,,,,,ORD_003383,,,,,
,,,,,,,,ORD_003384,,,,,
,,,,,,,,ORD_003385,,,,,
,,,,,,,,ORD_003386,,,,,
,,,,,,,,ORD_003387,,,,,
,,,,,,,,ORD_003388,,,,,
,,,,,,,,ORD_003389,,,,,
,,,,,,,,ORD_003390,,,,,
,,,,,,,,ORD_003391,,,,,
,,,,,,,,ORD_003392,,,,,
,,,,,,,,ORD_003393,,,,,
,,,,,,,,ORD_003394,,,,,
,,,,,,,,ORD_003395,,,,,
,,,,,,,,ORD_003396,,,,,
,,,,,,,,ORD_003397,,,,,
,,,,,,,,ORD_003398,,,,,
,,,,,,,,ORD_003399,,,,,
,,,,,,,,ORD_003400,,,,,
,,,,,,,,ORD_003401,,,,,
,,,,,,,,ORD_003402,,,,,
,,,,,,,,ORD_003403,,,,,
,,,,,,,,ORD_003404,,,,,
,,,,,,,,ORD_003405,,,,,
,,,,,,,,ORD_003406,,,,,
,,,,,,,,ORD_003407,,,,,
,,,,,,,,ORD_003408,,,,,
,,,,,,,,ORD_003409,,,,,
,,,,,,,,ORD_003410,,,,,
,,,,,,,,ORD_003411,,,,,
,,,,,,,,ORD_003412,,,,,
,,,,,,,,ORD_003413,,,,,
,,,,,,,,ORD_003414,,,,,
,,,,,,,,ORD_003415,,,,,
,,,,,,,,ORD_003416,,,,,
,,,,,,,,ORD_003417,,,,,
,,,,,,,,ORD_003418,,,,,
,,,,,,,,ORD_003419,,,,,
,,,,,,,,ORD_003420,,,,,
,,,,,,,,ORD_003421,,,,,
,,,,,,,,ORD_003422,,,,,
,,,,,,,,ORD_003423,,,,,
,,,,,,,,ORD_003424,,,,,
,,,,,,,,ORD_003425,,,,,
,,,,,,,,ORD_003426,,,,,
,,,,,,,,ORD_003427,,,,,
,,,,,,,,ORD_003428,,,,,
,,,,,,,,ORD_003429,,,,,
,,,,,,,,ORD_003430,,,,,
,,,,,,,,ORD_003431,,,,,
,,,,,,,,ORD_003432,,,,,
,,,,,,,,ORD_003433,,,,,
,,,,,,,,ORD_003434,,,,,
,,,,,,,,ORD_003435,,,,,
,,,,,,,,ORD_003436,,,,,
,,,,,,,,ORD_003437,,,,,
,,,,,,,,ORD_003438,,,,,
,,,,,,,,ORD_003439,,,,,
,,,,,,,,ORD_003440,,,,,
,,,,,,,,ORD_003441,,,,,
,,,,,,,,ORD_003442,,,,,
,,,,,,,,ORD_003443,,,,,
,,,,,,,,ORD_003444,,,,,
,,,,,,,,ORD_003445,,,,,
,,,,,,,,ORD_003446,,,,,
,,,,,,,,ORD_003447,,,,,
,,,,,,,,ORD_003448,,,,,
,,,,,,,,ORD_003449,,,,,
,,,,,,,,ORD_003450,,,,,
,,,,,,,,ORD_003451,,,,,
,,,,,,,,ORD_003452,,,,,
,,,,,,,,ORD_003453,,,,,
,,,,,,,,ORD_003454,,,,,
,,,,,,,,ORD_003455,,,,,
,,,,,,,,ORD_003456,,,,,
,,,,,,,,ORD_003457,,,,,
,,,,,,,,ORD_003458,,,,,
,,,,,,,,ORD_003459,,,,,
,,,,,,,,ORD_003460,,,,,
,,,,,,,,ORD_003461,,,,,
,,,,,,,,ORD_003462,,,,,
,,,,,,,,ORD_003463,,,,,
,,,,,,,,ORD_003464,,,,,
,,,,,,,,ORD_003465,,,,,
,,,,,,,,ORD_003466,,,,,
,,,,,,,,ORD_003467,,,,,
,,,,,,,,ORD_003468,,,,,
,,,,,,,,ORD_003469,,,,,
,,,,,,,,ORD_003470,,,,,
,,,,,,,,ORD_003471,,,,,
,,,,,,,,ORD_003472,,,,,
,,,,,,,,ORD_003473,,,,,
,,,,,,,,ORD_003474,,,,,
,,,,,,,,ORD_003475,,,,,
,,,,,,,,ORD_003476,,,,,
,,,,,,,,ORD_003477,,,,,
,,,,,,,,ORD_003478,,,,,
,,,,,,,,ORD_003479,,,,,
,,,,,,,,ORD_003480,,,,,
,,,,,,,,ORD_003481,,,,,
,,,,,,,,ORD_003482,,,,,
,,,,,,,,ORD_003483,,,,,
,,,,,,,,ORD_003484,,,,,
,,,,,,,,ORD_003485,,,,,
,,,,,,,,ORD_003486,,,,,
,,,,,,,,ORD_003487,,,,,
,,,,,,,,ORD_003488,,,,,
,,,,,,,,ORD_003489,,,,,
,,,,,,,,ORD_003490,,,,,
,,,,,,,,ORD_003491,,,,,
,,,,,,,,ORD_003492,,,,,
,,,,,,,,ORD_003493,,,,,
,,,,,,,,ORD_003494,,,,,
,,,,,,,,ORD_003495,,,,,
,,,,,,,,ORD_003496,,,,,
,,,,,,,,ORD_003497,,,,,
,,,,,,,,ORD_003498,,,,,
,,,,,,,,ORD_003499,,,,,
,,,,,,,,ORD_003500,,,,,
,,,,,,,,ORD_003501,,,,,
,,,,,,,,ORD_003502,,,,,
,,,,,,,,ORD_003503,,,,,
,,,,,,,,ORD_003504,,,,,
,,,,,,,,ORD_003505,,,,,
,,,,,,,,ORD_003506,,,,,
,,,,,,,,ORD_003507,,,,,
,,,,,,,,ORD_003508,,,,,
,,,,,,,,ORD_003509,,,,,
,,,,,,,,ORD_003510,,,,,
,,,,,,,,ORD_003511,,,,,
,,,,,,,,ORD_003512,,,,,
,,,,,,,,ORD_003513,,,,,
,,,,,,,,ORD_003514,,,,,
,,,,,,,,ORD_003515,,,,,
,,,,,,,,ORD_003516,,,,,
,,,,,,,,ORD_003517,,,,,
,,,,,,,,ORD_003518,,,,,
,,,,,,,,ORD_003519,,,,,
,,,,,,,,ORD_003520,,,,,
,,,,,,,,ORD_003521,,,,,
,,,,,,,,ORD_003522,,,,,
,,,,,,,,ORD_003523,,,,,
,,,,,,,,ORD_003524,,,,,
,,,,,,,,ORD_003525,,,,,
,,,,,,,,ORD_003526,,,,,
,,,,,,,,ORD_003527,,,,,
,,,,,,,,ORD_003528,,,,,
,,,,,,,,ORD_003529,,,,,
,,,,,,,,ORD_003530,,,,,
,,,,,,,,ORD_003531,,,,,
,,,,,,,,ORD_003532,,,,,
,,,,,,,,ORD_003533,,,,,
,,,,,,,,ORD_003534,,,,,
,,,,,,,,ORD_003535,,,,,
,,,,,,,,ORD_003536,,,,,
,,,,,,,,ORD_003537,,,,,
,,,,,,,,ORD_003538,,,,,
,,,,,,,,ORD_003539,,,,,
,,,,,,,,ORD_003540,,,,,
,,,,,,,,ORD_003541,,,,,
,,,,,,,,ORD_003542,,,,,
,,,,,,,,ORD_003543,,,,,
,,,,,,,,ORD_003544,,,,,
,,,,,,,,ORD_003545,,,,,
,,,,,,,,ORD_003546,,,,,
,,,,,,,,ORD_003547,,,,,
,,,,,,,,ORD_003548,,,,,
,,,,,,,,ORD_003549,,,,,
,,,,,,,,ORD_003550,,,,,
,,,,,,,,ORD_003551,,,,,
,,,,,,,,ORD_003552,,,,,
,,,,,,,,ORD_003553,,,,,
,,,,,,,,ORD_003554,,,,,
,,,,,,,,ORD_003555,,,,,
,,,,,,,,ORD_003556,,,,,
,,,,,,,,ORD_003557,,,,,
,,,,,,,,ORD_003558,,,,,
,,,,,,,,ORD_003559,,,,,
,,,,,,,,ORD_003560,,,,,
,,,,,,,,ORD_003561,,,,,
,,,,,,,,ORD_003562,,,,,
,,,,,,,,ORD_003563,,,,,
,,,,,,,,ORD_003564,,,,,
,,,,,,,,ORD_003565,,,,,
,,,,,,,,ORD_003566,,,,,
,,,,,,,,ORD_003567,,,,,
,,,,,,,,ORD_003568,,,,,
,,,,,,,,ORD_003569,,,,,
,,,,,,,,ORD_003570,,,,,
,,,,,,,,ORD_003571,,,,,
,,,,,,,,ORD_003572,,,,,
,,,,,,,,ORD_003573,,,,,
,,,,,,,,ORD_003574,,,,,
,,,,,,,,ORD_003575,,,,,
,,,,,,,,ORD_003576,,,,,
,,,,,,,,ORD_003577,,,,,
,,,,,,,,ORD_003578,,,,,
,,,,,,,,ORD_003579,,,,,
,,,,,,,,ORD_003580,,,,,
,,,,,,,,ORD_003581,,,,,
,,,,,,,,ORD_003582,,,,,
,,,,,,,,ORD_003583,,,,,
,,,,,,,,ORD_003584,,,,,
,,,,,,,,ORD_003585,,,,,
,,,,,,,,ORD_003586,,,,,
,,,,,,,,ORD_003587,,,,,
,,,,,,,,ORD_003588,,,,,
,,,,,,,,ORD_003589,,,,,
,,,,,,,,ORD_003590,,,,,
,,,,,,,,ORD_003591,,,,,
,,,,,,,,ORD_003592,,,,,
,,,,,,,,ORD_003593,,,,,
,,,,,,,,ORD_003594,,,,,
,,,,,,,,ORD_003595,,,,,
,,,,,,,,ORD_003596,,,,,
,,,,,,,,ORD_003597,,,,,
,,,,,,,,ORD_003598,,,,,
,,,,,,,,ORD_003599,,,,,
,,,,,,,,ORD_003600,,,,,
,,,,,,,,ORD_003601,,,,,
,,,,,,,,ORD_003602,,,,,
,,,,,,,,ORD_003603,,,,,
,,,,,,,,ORD_003604,,,,,
,,,,,,,,ORD_003605,,,,,
,,,,,,,,ORD_003606,,,,,
,,,,,,,,ORD_003607,,,,,
,,,,,,,,ORD_003608,,,,,
,,,,,,,,ORD_003609,,,,,
,,,,,,,,ORD_003610,,,,,
,,,,,,,,ORD_003611,,,,,
,,,,,,,,ORD_003612,,,,,
,,,,,,,,ORD_003613,,,,,
,,,,,,,,ORD_003614,,,,,
,,,,,,,,ORD_003615,,,,,
,,,,,,,,ORD_003616,,,,,
,,,,,,,,ORD_003617,,,,,
,,,,,,,,ORD_003618,,,,,
,,,,,,,,ORD_003619,,,,,
,,,,,,,,ORD_003620,,,,,
,,,,,,,,ORD_003621,,,,,
,,,,,,,,ORD_003622,,,,,
,,,,,,,,ORD_003623,,,,,
,,,,,,,,ORD_003624,,,,,
,,,,,,,,ORD_003625,,,,,
,,,,,,,,ORD_003626,,,,,
,,,,,,,,ORD_003627,,,,,
,,,,,,,,ORD_003628,,,,,
,,,,,,,,ORD_003629,,,,,
,,,,,,,,ORD_003630,,,,,
,,,,,,,,ORD_003631,,,,,
,,,,,,,,ORD_003632,,,,,
,,,,,,,,ORD_003633,,,,,
,,,,,,,,ORD_003634,,,,,
,,,,,,,,ORD_003635,,,,,
,,,,,,,,ORD_003636,,,,,
,,,,,,,,ORD_003637,,,,,
,,,,,,,,ORD_003638,,,,,
,,,,,,,,ORD_003639,,,,,
,,,,,,,,ORD_003640,,,,,
,,,,,,,,ORD_003641,,,,,
,,,,,,,,ORD_003642,,,,,
,,,,,,,,ORD_003643,,,,,
,,,,,,,,ORD_003644,,,,,
,,,,,,,,ORD_003645,,,,,
,,,,,,,,ORD_003646,,,,,
,,,,,,,,ORD_003647,,,,,
,,,,,,,,ORD_003648,,,,,
,,,,,,,,ORD_003649,,,,,
,,,,,,,,ORD_003650,,,,,
,,,,,,,,ORD_003651,,,,,
,,,,,,,,ORD_003652,,,,,
,,,,,,,,ORD_003653,,,,,
,,,,,,,,ORD_003654,,,,,
,,,,,,,,ORD_003655,,,,,
,,,,,,,,ORD_003656,,,,,
,,,,,,,,ORD_003657,,,,,
,,,,,,,,ORD_003658,,,,,
,,,,,,,,ORD_003659,,,,,
,,,,,,,,ORD_003660,,,,,
,,,,,,,,ORD_003661,,,,,
,,,,,,,,ORD_003662,,,,,
,,,,,,,,ORD_003663,,,,,
,,,,,,,,ORD_003664,,,,,
,,,,,,,,ORD_003665,,,,,
,,,,,,,,ORD_003666,,,,,
,,,,,,,,ORD_003667,,,,,
,,,,,,,,ORD_003668,,,,,
,,,,,,,,ORD_003669,,,,,
,,,,,,,,ORD_003670,,,,,
,,,,,,,,ORD_003671,,,,,
,,,,,,,,ORD_003672,,,,,
,,,,,,,,ORD_003673,,,,,
,,,,,,,,ORD_003674,,,,,
,,,,,,,,ORD_003675,,,,,
,,,,,,,,ORD_003676,,,,,
,,,,,,,,ORD_003677,,,,,
,,,,,,,,ORD_003678,,,,,
,,,,,,,,ORD_003679,,,,,
,,,,,,,,ORD_003680,,,,,
,,,,,,,,ORD_003681,,,,,
,,,,,,,,ORD_003682,,,,,
,,,,,,,,ORD_003683,,,,,
,,,,,,,,ORD_003684,,,,,
,,,,,,,,ORD_003685,,,,,
,,,,,,,,ORD_003686,,,,,
,,,,,,,,ORD_003687,,,,,
,,,,,,,,ORD_003688,,,,,
,,,,,,,,ORD_003689,,,,,
,,,,,,,,ORD_003690,,,,,
,,,,,,,,ORD_003691,,,,,
,,,,,,,,ORD_003692,,,,,
,,,,,,,,ORD_003693,,,,,
,,,,,,,,ORD_003694,,,,,
,,,,,,,,ORD_003695,,,,,
,,,,,,,,ORD_003696,,,,,
,,,,,,,,ORD_003697,,,,,
,,,,,,,,ORD_003698,,,,,
,,,,,,,,ORD_003699,,,,,
,,,,,,,,ORD_003700,,,,,
,,,,,,,,ORD_003701,,,,,
,,,,,,,,ORD_003702,,,,,
,,,,,,,,ORD_003703,,,,,
,,,,,,,,ORD_003704,,,,,
,,,,,,,,ORD_003705,,,,,
,,,,,,,,ORD_003706,,,,,
,,,,,,,,ORD_003707,,,,,
,,,,,,,,ORD_003708,,,,,
,,,,,,,,ORD_003709,,,,,
,,,,,,,,ORD_003710,,,,,
,,,,,,,,ORD_003711,,,,,
,,,,,,,,ORD_003712,,,,,
,,,,,,,,ORD_003713,,,,,
,,,,,,,,ORD_003714,,,,,
,,,,,,,,ORD_003715,,,,,
,,,,,,,,ORD_003716,,,,,
,,,,,,,,ORD_003717,,,,,
,,,,,,,,ORD_003718,,,,,
,,,,,,,,ORD_003719,,,,,
,,,,,,,,ORD_003720,,,,,
,,,,,,,,ORD_003721,,,,,
,,,,,,,,ORD_003722,,,,,
,,,,,,,,ORD_003723,,,,,
,,,,,,,,ORD_003724,,,,,
,,,,,,,,ORD_003725,,,,,
,,,,,,,,ORD_003726,,,,,
,,,,,,,,ORD_003727,,,,,
,,,,,,,,ORD_003728,,,,,
,,,,,,,,ORD_003729,,,,,
,,,,,,,,ORD_003730,,,,,
,,,,,,,,ORD_003731,,,,,
,,,,,,,,ORD_003732,,,,,
,,,,,,,,ORD_003733,,,,,
,,,,,,,,ORD_003734,,,,,
,,,,,,,,ORD_003735,,,,,
,,,,,,,,ORD_003736,,,,,
,,,,,,,,ORD_003737,,,,,
,,,,,,,,ORD_003738,,,,,
,,,,,,,,ORD_003739,,,,,
,,,,,,,,ORD_003740,,,,,
,,,,,,,,ORD_003741,,,,,
,,,,,,,,ORD_003742,,,,,
,,,,,,,,ORD_003743,,,,,
,,,,,,,,ORD_003744,,,,,
,,,,,,,,ORD_003745,,,,,
,,,,,,,,ORD_003746,,,,,
,,,,,,,,ORD_003747,,,,,
,,,,,,,,ORD_003748,,,,,
,,,,,,,,ORD_003749,,,,,
,,,,,,,,ORD_003750,,,,,
,,,,,,,,ORD_003751,,,,,
,,,,,,,,ORD_003752,,,,,
,,,,,,,,ORD_003753,,,,,
,,,,,,,,ORD_003754,,,,,
,,,,,,,,ORD_003755,,,,,
,,,,,,,,ORD_003756,,,,,
,,,,,,,,ORD_003757,,,,,
,,,,,,,,ORD_003758,,,,,
,,,,,,,,ORD_003759,,,,,
,,,,,,,,ORD_003760,,,,,
,,,,,,,,ORD_003761,,,,,
,,,,,,,,ORD_003762,,,,,
,,,,,,,,ORD_003763,,,,,
,,,,,,,,ORD_003764,,,,,
,,,,,,,,ORD_003765,,,,,
,,,,,,,,ORD_003766,,,,,
,,,,,,,,ORD_003767,,,,,
,,,,,,,,ORD_003768,,,,,
,,,,,,,,ORD_003769,,,,,
,,,,,,,,ORD_003770,,,,,
,,,,,,,,ORD_003771,,,,,
,,,,,,,,ORD_003772,,,,,
,,,,,,,,ORD_003773,,,,,
,,,,,,,,ORD_003774,,,,,
,,,,,,,,ORD_003775,,,,,
,,,,,,,,ORD_003776,,,,,
,,,,,,,,ORD_003777,,,,,
,,,,,,,,ORD_003778,,,,,
,,,,,,,,ORD_003779,,,,,
,,,,,,,,ORD_003780,,,,,
,,,,,,,,ORD_003781,,,,,
,,,,,,,,ORD_003782,,,,,
,,,,,,,,ORD_003783,,,,,
,,,,,,,,ORD_003784,,,,,
,,,,,,,,ORD_003785,,,,,
,,,,,,,,ORD_003786,,,,,
,,,,,,,,ORD_003787,,,,,
,,,,,,,,ORD_003788,,,,,
,,,,,,,,ORD_003789,,,,,
,,,,,,,,ORD_003790,,,,,
,,,,,,,,ORD_003791,,,,,
,,,,,,,,ORD_003792,,,,,
,,,,,,,,ORD_003793,,,,,
,,,,,,,,ORD_003794,,,,,
,,,,,,,,ORD_003795,,,,,
,,,,,,,,ORD_003796,,,,,
,,,,,,,,ORD_003797,,,,,
,,,,,,,,ORD_003798,,,,,
,,,,,,,,ORD_003799,,,,,
,,,,,,,,ORD_003800,,,,,
,,,,,,,,ORD_003801,,,,,
,,,,,,,,ORD_003802,,,,,
,,,,,,,,ORD_003803,,,,,
,,,,,,,,ORD_003804,,,,,
,,,,,,,,ORD_003805,,,,,
,,,,,,,,ORD_003806,,,,,
,,,,,,,,ORD_003807,,,,,
,,,,,,,,ORD_003808,,,,,
,,,,,,,,ORD_003809,,,,,
,,,,,,,,ORD_003810,,,,,
,,,,,,,,ORD_003811,,,,,
,,,,,,,,ORD_003812,,,,,
,,,,,,,,ORD_003813,,,,,
,,,,,,,,ORD_003814,,,,,
,,,,,,,,ORD_003815,,,,,
,,,,,,,,ORD_003816,,,,,
,,,,,,,,ORD_003817,,,,,
,,,,,,,,ORD_003818,,,,,
,,,,,,,,ORD_003819,,,,,
,,,,,,,,ORD_003820,,,,,
,,,,,,,,ORD_003821,,,,,
,,,,,,,,ORD_003822,,,,,
,,,,,,,,ORD_003823,,,,,
,,,,,,,,ORD_003824,,,,,
,,,,,,,,ORD_003825,,,,,
,,,,,,,,ORD_003826,,,,,
,,,,,,,,ORD_003827,,,,,
,,,,,,,,ORD_003828,,,,,
,,,,,,,,ORD_003829,,,,,
,,,,,,,,ORD_003830,,,,,
,,,,,,,,ORD_003831,,,,,
,,,,,,,,ORD_003832,,,,,
,,,,,,,,ORD_003833,,,,,
,,,,,,,,ORD_003834,,,,,
,,,,,,,,ORD_003835,,,,,
,,,,,,,,ORD_003836,,,,,
,,,,,,,,ORD_003837,,,,,
,,,,,,,,ORD_003838,,,,,
,,,,,,,,ORD_003839,,,,,
,,,,,,,,ORD_003840,,,,,
,,,,,,,,ORD_003841,,,,,
,,,,,,,,ORD_003842,,,,,
,,,,,,,,ORD_003843,,,,,
,,,,,,,,ORD_003844,,,,,
,,,,,,,,ORD_003845,,,,,
,,,,,,,,ORD_003846,,,,,
,,,,,,,,ORD_003847,,,,,
,,,,,,,,ORD_003848,,,,,
,,,,,,,,ORD_003849,,,,,
,,,,,,,,ORD_003850,,,,,
,,,,,,,,ORD_003851,,,,,
,,,,,,,,ORD_003852,,,,,
,,,,,,,,ORD_003853,,,,,
,,,,,,,,ORD_003854,,,,,
,,,,,,,,ORD_003855,,,,,
,,,,,,,,ORD_003856,,,,,
,,,,,,,,ORD_003857,,,,,
,,,,,,,,ORD_003858,,,,,
,,,,,,,,ORD_003859,,,,,
,,,,,,,,ORD_003860,,,,,
,,,,,,,,ORD_003861,,,,,
,,,,,,,,ORD_003862,,,,,
,,,,,,,,ORD_003863,,,,,
,,,,,,,,ORD_003864,,,,,
,,,,,,,,ORD_003865,,,,,
,,,,,,,,ORD_003866,,,,,
,,,,,,,,ORD_003867,,,,,
,,,,,,,,ORD_003868,,,,,
,,,,,,,,ORD_003869,,,,,
,,,,,,,,ORD_003870,,,,,
,,,,,,,,ORD_003871,,,,,
,,,,,,,,ORD_003872,,,,,
,,,,,,,,ORD_003873,,,,,
,,,,,,,,ORD_003874,,,,,
,,,,,,,,ORD_003875,,,,,
,,,,,,,,ORD_003876,,,,,
,,,,,,,,ORD_003877,,,,,
,,,,,,,,ORD_003878,,,,,
,,,,,,,,ORD_003879,,,,,
,,,,,,,,ORD_003880,,,,,
,,,,,,,,ORD_003881,,,,,
,,,,,,,,ORD_003882,,,,,
,,,,,,,,ORD_003883,,,,,
,,,,,,,,ORD_003884,,,,,
,,,,,,,,ORD_003885,,,,,
,,,,,,,,ORD_003886,,,,,
,,,,,,,,ORD_003887,,,,,
,,,,,,,,ORD_003888,,,,,
,,,,,,,,ORD_003889,,,,,
,,,,,,,,ORD_003890,,,,,
,,,,,,,,ORD_003891,,,,,
,,,,,,,,ORD_003892,,,,,
,,,,,,,,ORD_003893,,,,,
,,,,,,,,ORD_003894,,,,,
,,,,,,,,ORD_003895,,,,,
,,,,,,,,ORD_003896,,,,,
,,,,,,,,ORD_003897,,,,,
,,,,,,,,ORD_003898,,,,,
,,,,,,,,ORD_003899,,,,,
,,,,,,,,ORD_003900,,,,,
,,,,,,,,ORD_003901,,,,,
,,,,,,,,ORD_003902,,,,,
,,,,,,,,ORD_003903,,,,,
,,,,,,,,ORD_003904,,,,,
,,,,,,,,ORD_003905,,,,,
,,,,,,,,ORD_003906,,,,,
,,,,,,,,ORD_003907,,,,,
,,,,,,,,ORD_003908,,,,,
,,,,,,,,ORD_003909,,,,,
,,,,,,,,ORD_003910,,,,,
,,,,,,,,ORD_003911,,,,,
,,,,,,,,ORD_003912,,,,,
,,,,,,,,ORD_003913,,,,,
,,,,,,,,ORD_003914,,,,,
,,,,,,,,ORD_003915,,,,,
,,,,,,,,ORD_003916,,,,,
,,,,,,,,ORD_003917,,,,,
,,,,,,,,ORD_003918,,,,,
,,,,,,,,ORD_003919,,,,,
,,,,,,,,ORD_003920,,,,,
,,,,,,,,ORD_003921,,,,,
,,,,,,,,ORD_003922,,,,,
,,,,,,,,ORD_003923,,,,,
,,,,,,,,ORD_003924,,,,,
,,,,,,,,ORD_003925,,,,,
,,,,,,,,ORD_003926,,,,,
,,,,,,,,ORD_003927,,,,,
,,,,,,,,ORD_003928,,,,,
,,,,,,,,ORD_003929,,,,,
,,,,,,,,ORD_003930,,,,,
,,,,,,,,ORD_003931,,,,,
,,,,,,,,ORD_003932,,,,,
,,,,,,,,ORD_003933,,,,,
,,,,,,,,ORD_003934,,,,,
,,,,,,,,ORD_003935,,,,,
,,,,,,,,ORD_003936,,,,,
,,,,,,,,ORD_003937,,,,,
,,,,,,,,ORD_003938,,,,,
,,,,,,,,ORD_003939,,,,,
,,,,,,,,ORD_003940,,,,,
,,,,,,,,ORD_003941,,,,,
,,,,,,,,ORD_003942,,,,,
,,,,,,,,ORD_003943,,,,,
,,,,,,,,ORD_003944,,,,,
,,,,,,,,ORD_003945,,,,,
,,,,,,,,ORD_003946,,,,,
,,,,,,,,ORD_003947,,,,,
,,,,,,,,ORD_003948,,,,,
,,,,,,,,ORD_003949,,,,,
,,,,,,,,ORD_003950,,,,,
,,,,,,,,ORD_003951,,,,,
,,,,,,,,ORD_003952,,,,,
,,,,,,,,ORD_003953,,,,,
,,,,,,,,ORD_003954,,,,,
,,,,,,,,ORD_003955,,,,,
,,,,,,,,ORD_003956,,,,,
,,,,,,,,ORD_003957,,,,,
,,,,,,,,ORD_003958,,,,,
,,,,,,,,ORD_003959,,,,,
,,,,,,,,ORD_003960,,,,,
,,,,,,,,ORD_003961,,,,,
,,,,,,,,ORD_003962,,,,,
,,,,,,,,ORD_003963,,,,,
,,,,,,,,ORD_003964,,,,,
,,,,,,,,ORD_003965,,,,,
,,,,,,,,ORD_003966,,,,,
,,,,,,,,ORD_003967,,,,,
,,,,,,,,ORD_003968,,,,,
,,,,,,,,ORD_003969,,,,,
,,,,,,,,ORD_003970,,,,,
,,,,,,,,ORD_003971,,,,,
,,,,,,,,ORD_003972,,,,,
,,,,,,,,ORD_003973,,,,,
,,,,,,,,ORD_003974,,,,,
,,,,,,,,ORD_003975,,,,,
,,,,,,,,ORD_003976,,,,,
,,,,,,,,ORD_003977,,,,,
,,,,,,,,ORD_003978,,,,,
,,,,,,,,ORD_003979,,,,,
,,,,,,,,ORD_003980,,,,,
,,,,,,,,ORD_003981,,,,,
,,,,,,,,ORD_003982,,,,,
,,,,,,,,ORD_003983,,,,,
,,,,,,,,ORD_003984,,,,,
,,,,,,,,ORD_003985,,,,,
,,,,,,,,ORD_003986,,,,,
,,,,,,,,ORD_003987,,,,,
,,,,,,,,ORD_003988,,,,,
,,,,,,,,ORD_003989,,,,,
,,,,,,,,ORD_003990,,,,,
,,,,,,,,ORD_003991,,,,,
,,,,,,,,ORD_003992,,,,,
,,,,,,,,ORD_003993,,,,,
,,,,,,,,ORD_003994,,,,,
,,,,,,,,ORD_003995,,,,,
,,,,,,,,ORD_003996,,,,,
,,,,,,,,ORD_003997,,,,,
,,,,,,,,ORD_003998,,,,,
,,,,,,,,ORD_003999,,,,,
,,,,,,,,ORD_004000,,,,,
,,,,,,,,ORD_004001,,,,,
,,,,,,,,ORD_004002,,,,,
,,,,,,,,ORD_004003,,,,,
,,,,,,,,ORD_004004,,,,,
,,,,,,,,ORD_004005,,,,,
,,,,,,,,ORD_004006,,,,,
,,,,,,,,ORD_004007,,,,,
,,,,,,,,ORD_004008,,,,,
,,,,,,,,ORD_004009,,,,,
,,,,,,,,ORD_004010,,,,,
,,,,,,,,ORD_004011,,,,,
,,,,,,,,ORD_004012,,,,,
,,,,,,,,ORD_004013,,,,,
,,,,,,,,ORD_004014,,,,,
,,,,,,,,ORD_004015,,,,,
,,,,,,,,ORD_004016,,,,,
,,,,,,,,ORD_004017,,,,,
,,,,,,,,ORD_004018,,,,,
,,,,,,,,ORD_004019,,,,,
,,,,,,,,ORD_004020,,,,,
,,,,,,,,ORD_004021,,,,,
,,,,,,,,ORD_004022,,,,,
,,,,,,,,ORD_004023,,,,,
,,,,,,,,ORD_004024,,,,,
,,,,,,,,ORD_004025,,,,,
,,,,,,,,ORD_004026,,,,,
,,,,,,,,ORD_004027,,,,,
,,,,,,,,ORD_004028,,,,,
,,,,,,,,ORD_004029,,,,,
,,,,,,,,ORD_004030,,,,,
,,,,,,,,ORD_004031,,,,,
,,,,,,,,ORD_004032,,,,,
,,,,,,,,ORD_004033,,,,,
,,,,,,,,ORD_004034,,,,,
,,,,,,,,ORD_004035,,,,,
,,,,,,,,ORD_004036,,,,,
,,,,,,,,ORD_004037,,,,,
,,,,,,,,ORD_004038,,,,,
,,,,,,,,ORD_004039,,,,,
,,,,,,,,ORD_004040,,,,,
,,,,,,,,ORD_004041,,,,,
,,,,,,,,ORD_004042,,,,,
,,,,,,,,ORD_004043,,,,,
,,,,,,,,ORD_004044,,,,,
,,,,,,,,ORD_004045,,,,,
,,,,,,,,ORD_004046,,,,,
,,,,,,,,ORD_004047,,,,,
,,,,,,,,ORD_004048,,,,,
,,,,,,,,ORD_004049,,,,,
,,,,,,,,ORD_004050,,,,,
,,,,,,,,ORD_004051,,,,,
,,,,,,,,ORD_004052,,,,,
,,,,,,,,ORD_004053,,,,,
,,,,,,,,ORD_004054,,,,,
,,,,,,,,ORD_004055,,,,,
,,,,,,,,ORD_004056,,,,,
,,,,,,,,ORD_004057,,,,,
,,,,,,,,ORD_004058,,,,,
,,,,,,,,ORD_004059,,,,,
,,,,,,,,ORD_004060,,,,,
,,,,,,,,ORD_004061,,,,,
,,,,,,,,ORD_004062,,,,,
,,,,,,,,ORD_004063,,,,,
,,,,,,,,ORD_004064,,,,,
,,,,,,,,ORD_004065,,,,,
,,,,,,,,ORD_004066,,,,,
,,,,,,,,ORD_004067,,,,,
,,,,,,,,ORD_004068,,,,,
,,,,,,,,ORD_004069,,,,,
,,,,,,,,ORD_004070,,,,,
,,,,,,,,ORD_004071,,,,,
,,,,,,,,ORD_004072,,,,,
,,,,,,,,ORD_004073,,,,,
,,,,,,,,ORD_004074,,,,,
,,,,,,,,ORD_004075,,,,,
,,,,,,,,ORD_004076,,,,,
,,,,,,,,ORD_004077,,,,,
,,,,,,,,ORD_004078,,,,,
,,,,,,,,ORD_004079,,,,,
,,,,,,,,ORD_004080,,,,,
,,,,,,,,ORD_004081,,,,,
,,,,,,,,ORD_004082,,,,,
,,,,,,,,ORD_004083,,,,,
,,,,,,,,ORD_004084,,,,,
,,,,,,,,ORD_004085,,,,,
,,,,,,,,ORD_004086,,,,,
,,,,,,,,ORD_004087,,,,,
,,,,,,,,ORD_004088,,,,,
,,,,,,,,ORD_004089,,,,,
,,,,,,,,ORD_004090,,,,,
,,,,,,,,ORD_004091,,,,,
,,,,,,,,ORD_004092,,,,,
,,,,,,,,ORD_004093,,,,,
,,,,,,,,ORD_004094,,,,,
,,,,,,,,ORD_004095,,,,,
,,,,,,,,ORD_004096,,,,,
,,,,,,,,ORD_004097,,,,,
,,,,,,,,ORD_004098,,,,,
,,,,,,,,ORD_004099,,,,,
,,,,,,,,ORD_004100,,,,,
,,,,,,,,ORD_004101,,,,,
,,,,,,,,ORD_004102,,,,,
,,,,,,,,ORD_004103,,,,,
,,,,,,,,ORD_004104,,,,,
,,,,,,,,ORD_004105,,,,,
,,,,,,,,ORD_004106,,,,,
,,,,,,,,ORD_004107,,,,,
,,,,,,,,ORD_004108,,,,,
,,,,,,,,ORD_004109,,,,,
,,,,,,,,ORD_004110,,,,,
,,,,,,,,ORD_004111,,,,,
,,,,,,,,ORD_004112,,,,,
,,,,,,,,ORD_004113,,,,,
,,,,,,,,ORD_004114,,,,,
,,,,,,,,ORD_004115,,,,,
,,,,,,,,ORD_004116,,,,,
,,,,,,,,ORD_004117,,,,,
,,,,,,,,ORD_004118,,,,,
,,,,,,,,ORD_004119,,,,,
,,,,,,,,ORD_004120,,,,,
,,,,,,,,ORD_004121,,,,,
,,,,,,,,ORD_004122,,,,,
,,,,,,,,ORD_004123,,,,,
,,,,,,,,ORD_004124,,,,,
,,,,,,,,ORD_004125,,,,,
,,,,,,,,ORD_004126,,,,,
,,,,,,,,ORD_004127,,,,,
,,,,,,,,ORD_004128,,,,,
,,,,,,,,ORD_004129,,,,,
,,,,,,,,ORD_004130,,,,,
,,,,,,,,ORD_004131,,,,,
,,,,,,,,ORD_004132,,,,,
,,,,,,,,ORD_004133,,,,,
,,,,,,,,ORD_004134,,,,,
,,,,,,,,ORD_004135,,,,,
,,,,,,,,ORD_004136,,,,,
,,,,,,,,ORD_004137,,,,,
,,,,,,,,ORD_004138,,,,,
,,,,,,,,ORD_004139,,,,,
,,,,,,,,ORD_004140,,,,,
,,,,,,,,ORD_004141,,,,,
,,,,,,,,ORD_004142,,,,,
,,,,,,,,ORD_004143,,,,,
,,,,,,,,ORD_004144,,,,,
,,,,,,,,ORD_004145,,,,,
,,,,,,,,ORD_004146,,,,,
,,,,,,,,ORD_004147,,,,,
,,,,,,,,ORD_004148,,,,,
,,,,,,,,ORD_004149,,,,,
,,,,,,,,ORD_004150,,,,,
,,,,,,,,ORD_004151,,,,,
,,,,,,,,ORD_004152,,,,,
,,,,,,,,ORD_004153,,,,,
,,,,,,,,ORD_004154,,,,,
,,,,,,,,ORD_004155,,,,,
,,,,,,,,ORD_004156,,,,,
,,,,,,,,ORD_004157,,,,,
,,,,,,,,ORD_004158,,,,,
,,,,,,,,ORD_004159,,,,,
,,,,,,,,ORD_004160,,,,,
,,,,,,,,ORD_004161,,,,,
,,,,,,,,ORD_004162,,,,,
,,,,,,,,ORD_004163,,,,,
,,,,,,,,ORD_004164,,,,,
,,,,,,,,ORD_004165,,,,,
,,,,,,,,ORD_004166,,,,,
,,,,,,,,ORD_004167,,,,,
,,,,,,,,ORD_004168,,,,,
,,,,,,,,ORD_004169,,,,,
,,,,,,,,ORD_004170,,,,,
,,,,,,,,ORD_004171,,,,,
,,,,,,,,ORD_004172,,,,,
,,,,,,,,ORD_004173,,,,,
,,,,,,,,ORD_004174,,,,,
,,,,,,,,ORD_004175,,,,,
,,,,,,,,ORD_004176,,,,,
,,,,,,,,ORD_004177,,,,,
,,,,,,,,ORD_004178,,,,,
,,,,,,,,ORD_004179,,,,,
,,,,,,,,ORD_004180,,,,,
,,,,,,,,ORD_004181,,,,,
,,,,,,,,ORD_004182,,,,,
,,,,,,,,ORD_004183,,,,,
,,,,,,,,ORD_004184,,,,,
,,,,,,,,ORD_004185,,,,,
,,,,,,,,ORD_004186,,,,,
,,,,,,,,ORD_004187,,,,,
,,,,,,,,ORD_004188,,,,,
,,,,,,,,ORD_004189,,,,,
,,,,,,,,ORD_004190,,,,,
,,,,,,,,ORD_004191,,,,,
,,,,,,,,ORD_004192,,,,,
,,,,,,,,ORD_004193,,,,,
,,,,,,,,ORD_004194,,,,,
,,,,,,,,ORD_004195,,,,,
,,,,,,,,ORD_004196,,,,,
,,,,,,,,ORD_004197,,,,,
,,,,,,,,ORD_004198,,,,,
,,,,,,,,ORD_004199,,,,,
,,,,,,,,ORD_004200,,,,,
,,,,,,,,ORD_004201,,,,,
,,,,,,,,ORD_004202,,,,,
,,,,,,,,ORD_004203,,,,,
,,,,,,,,ORD_004204,,,,,
,,,,,,,,ORD_004205,,,,,
,,,,,,,,ORD_004206,,,,,
,,,,,,,,ORD_004207,,,,,
,,,,,,,,ORD_004208,,,,,
,,,,,,,,ORD_004209,,,,,
,,,,,,,,ORD_004210,,,,,
,,,,,,,,ORD_004211,,,,,
,,,,,,,,ORD_004212,,,,,
,,,,,,,,ORD_004213,,,,,
,,,,,,,,ORD_004214,,,,,
,,,,,,,,ORD_004215,,,,,
,,,,,,,,ORD_004216,,,,,
,,,,,,,,ORD_004217,,,,,
,,,,,,,,ORD_004218,,,,,
,,,,,,,,ORD_004219,,,,,
,,,,,,,,ORD_004220,,,,,
,,,,,,,,ORD_004221,,,,,
,,,,,,,,ORD_004222,,,,,
,,,,,,,,ORD_004223,,,,,
,,,,,,,,ORD_004224,,,,,
,,,,,,,,ORD_004225,,,,,
,,,,,,,,ORD_004226,,,,,
,,,,,,,,ORD_004227,,,,,
,,,,,,,,ORD_004228,,,,,
,,,,,,,,ORD_004229,,,,,
,,,,,,,,ORD_004230,,,,,
,,,,,,,,ORD_004231,,,,,
,,,,,,,,ORD_004232,,,,,
,,,,,,,,ORD_004233,,,,,
,,,,,,,,ORD_004234,,,,,
,,,,,,,,ORD_004235,,,,,
,,,,,,,,ORD_004236,,,,,
,,,,,,,,ORD_004237,,,,,
,,,,,,,,ORD_004238,,,,,
,,,,,,,,ORD_004239,,,,,
,,,,,,,,ORD_004240,,,,,
,,,,,,,,ORD_004241,,,,,
,,,,,,,,ORD_004242,,,,,
,,,,,,,,ORD_004243,,,,,
,,,,,,,,ORD_004244,,,,,
,,,,,,,,ORD_004245,,,,,
,,,,,,,,ORD_004246,,,,,
,,,,,,,,ORD_004247,,,,,
,,,,,,,,ORD_004248,,,,,
,,,,,,,,ORD_004249,,,,,
,,,,,,,,ORD_004250,,,,,
,,,,,,,,ORD_004251,,,,,
,,,,,,,,ORD_004252,,,,,
,,,,,,,,ORD_004253,,,,,
,,,,,,,,ORD_004254,,,,,
,,,,,,,,ORD_004255,,,,,
,,,,,,,,ORD_004256,,,,,
,,,,,,,,ORD_004257,,,,,
,,,,,,,,ORD_004258,,,,,
,,,,,,,,ORD_004259,,,,,
,,,,,,,,ORD_004260,,,,,
,,,,,,,,ORD_004261,,,,,
,,,,,,,,ORD_004262,,,,,
,,,,,,,,ORD_004263,,,,,
,,,,,,,,ORD_004264,,,,,
,,,,,,,,ORD_004265,,,,,
,,,,,,,,ORD_004266,,,,,
,,,,,,,,ORD_004267,,,,,
,,,,,,,,ORD_004268,,,,,
,,,,,,,,ORD_004269,,,,,
,,,,,,,,ORD_004270,,,,,
,,,,,,,,ORD_004271,,,,,
,,,,,,,,ORD_004272,,,,,
,,,,,,,,ORD_004273,,,,,
,,,,,,,,ORD_004274,,,,,
,,,,,,,,ORD_004275,,,,,
,,,,,,,,ORD_004276,,,,,
,,,,,,,,ORD_004277,,,,,
,,,,,,,,ORD_004278,,,,,
,,,,,,,,ORD_004279,,,,,
,,,,,,,,ORD_004280,,,,,
,,,,,,,,ORD_004281,,,,,
,,,,,,,,ORD_004282,,,,,
,,,,,,,,ORD_004283,,,,,
,,,,,,,,ORD_004284,,,,,
,,,,,,,,ORD_004285,,,,,
,,,,,,,,ORD_004286,,,,,
,,,,,,,,ORD_004287,,,,,
,,,,,,,,ORD_004288,,,,,
,,,,,,,,ORD_004289,,,,,
,,,,,,,,ORD_004290,,,,,
,,,,,,,,ORD_004291,,,,,
,,,,,,,,ORD_004292,,,,,
,,,,,,,,ORD_004293,,,,,
,,,,,,,,ORD_004294,,,,,
,,,,,,,,ORD_004295,,,,,
,,,,,,,,ORD_004296,,,,,
,,,,,,,,ORD_004297,,,,,
,,,,,,,,ORD_004298,,,,,
,,,,,,,,ORD_004299,,,,,
,,,,,,,,ORD_004300,,,,,
,,,,,,,,ORD_004301,,,,,
,,,,,,,,ORD_004302,,,,,
,,,,,,,,ORD_004303,,,,,
,,,,,,,,ORD_004304,,,,,
,,,,,,,,ORD_004305,,,,,
,,,,,,,,ORD_004306,,,,,
,,,,,,,,ORD_004307,,,,,
,,,,,,,,ORD_004308,,,,,
,,,,,,,,ORD_004309,,,,,
,,,,,,,,ORD_004310,,,,,
,,,,,,,,ORD_004311,,,,,
,,,,,,,,ORD_004312,,,,,
,,,,,,,,ORD_004313,,,,,
,,,,,,,,ORD_004314,,,,,
,,,,,,,,ORD_004315,,,,,
,,,,,,,,ORD_004316,,,,,
,,,,,,,,ORD_004317,,,,,
,,,,,,,,ORD_004318,,,,,
,,,,,,,,ORD_004319,,,,,
,,,,,,,,ORD_004320,,,,,
,,,,,,,,ORD_004321,,,,,
,,,,,,,,ORD_004322,,,,,
,,,,,,,,ORD_004323,,,,,
,,,,,,,,ORD_004324,,,,,
,,,,,,,,ORD_004325,,,,,
,,,,,,,,ORD_004326,,,,,
,,,,,,,,ORD_004327,,,,,
,,,,,,,,ORD_004328,,,,,
,,,,,,,,ORD_004329,,,,,
,,,,,,,,ORD_004330,,,,,
,,,,,,,,ORD_004331,,,,,
,,,,,,,,ORD_004332,,,,,
,,,,,,,,ORD_004333,,,,,
,,,,,,,,ORD_004334,,,,,
,,,,,,,,ORD_004335,,,,,
,,,,,,,,ORD_004336,,,,,
,,,,,,,,ORD_004337,,,,,
,,,,,,,,ORD_004338,,,,,
,,,,,,,,ORD_004339,,,,,
,,,,,,,,ORD_004340,,,,,
,,,,,,,,ORD_004341,,,,,
,,,,,,,,ORD_004342,,,,,
,,,,,,,,ORD_004343,,,,,
,,,,,,,,ORD_004344,,,,,
,,,,,,,,ORD_004345,,,,,
,,,,,,,,ORD_004346,,,,,
,,,,,,,,ORD_004347,,,,,
,,,,,,,,ORD_004348,,,,,
,,,,,,,,ORD_004349,,,,,
,,,,,,,,ORD_004350,,,,,
,,,,,,,,ORD_004351,,,,,
,,,,,,,,ORD_004352,,,,,
,,,,,,,,ORD_004353,,,,,
,,,,,,,,ORD_004354,,,,,
,,,,,,,,ORD_004355,,,,,
,,,,,,,,ORD_004356,,,,,
,,,,,,,,ORD_004357,,,,,
,,,,,,,,ORD_004358,,,,,
,,,,,,,,ORD_004359,,,,,
,,,,,,,,ORD_004360,,,,,
,,,,,,,,ORD_004361,,,,,
,,,,,,,,ORD_004362,,,,,
,,,,,,,,ORD_004363,,,,,
,,,,,,,,ORD_004364,,,,,
,,,,,,,,ORD_004365,,,,,
,,,,,,,,ORD_004366,,,,,
,,,,,,,,ORD_004367,,,,,
,,,,,,,,ORD_004368,,,,,
,,,,,,,,ORD_004369,,,,,
,,,,,,,,ORD_004370,,,,,
,,,,,,,,ORD_004371,,,,,
,,,,,,,,ORD_004372,,,,,
,,,,,,,,ORD_004373,,,,,
,,,,,,,,ORD_004374,,,,,
,,,,,,,,ORD_004375,,,,,
,,,,,,,,ORD_004376,,,,,
,,,,,,,,ORD_004377,,,,,
,,,,,,,,ORD_004378,,,,,
,,,,,,,,ORD_004379,,,,,
,,,,,,,,ORD_004380,,,,,
,,,,,,,,ORD_004381,,,,,
,,,,,,,,ORD_004382,,,,,
,,,,,,,,ORD_004383,,,,,
,,,,,,,,ORD_004384,,,,,
,,,,,,,,ORD_004385,,,,,
,,,,,,,,ORD_004386,,,,,
,,,,,,,,ORD_004387,,,,,
,,,,,,,,ORD_004388,,,,,
,,,,,,,,ORD_004389,,,,,
,,,,,,,,ORD_004390,,,,,
,,,,,,,,ORD_004391,,,,,
,,,,,,,,ORD_004392,,,,,
,,,,,,,,ORD_004393,,,,,
,,,,,,,,ORD_004394,,,,,
,,,,,,,,ORD_004395,,,,,
,,,,,,,,ORD_004396,,,,,
,,,,,,,,ORD_004397,,,,,
,,,,,,,,ORD_004398,,,,,
,,,,,,,,ORD_004399,,,,,
,,,,,,,,ORD_004400,,,,,
,,,,,,,,ORD_004401,,,,,
,,,,,,,,ORD_004402,,,,,
,,,,,,,,ORD_004403,,,,,
,,,,,,,,ORD_004404,,,,,
,,,,,,,,ORD_004405,,,,,
,,,,,,,,ORD_004406,,,,,
,,,,,,,,ORD_004407,,,,,
,,,,,,,,ORD_004408,,,,,
,,,,,,,,ORD_004409,,,,,
,,,,,,,,ORD_004410,,,,,
,,,,,,,,ORD_004411,,,,,
,,,,,,,,ORD_004412,,,,,
,,,,,,,,ORD_004413,,,,,
,,,,,,,,ORD_004414,,,,,
,,,,,,,,ORD_004415,,,,,
,,,,,,,,ORD_004416,,,,,
,,,,,,,,ORD_004417,,,,,
,,,,,,,,ORD_004418,,,,,
,,,,,,,,ORD_004419,,,,,
,,,,,,,,ORD_004420,,,,,
,,,,,,,,ORD_004421,,,,,
,,,,,,,,ORD_004422,,,,,
,,,,,,,,ORD_004423,,,,,
,,,,,,,,ORD_004424,,,,,
,,,,,,,,ORD_004425,,,,,
,,,,,,,,ORD_004426,,,,,
,,,,,,,,ORD_004427,,,,,
,,,,,,,,ORD_004428,,,,,
,,,,,,,,ORD_004429,,,,,
,,,,,,,,ORD_004430,,,,,
,,,,,,,,ORD_004431,,,,,
,,,,,,,,ORD_004432,,,,,
,,,,,,,,ORD_004433,,,,,
,,,,,,,,ORD_004434,,,,,
,,,,,,,,ORD_004435,,,,,
,,,,,,,,ORD_004436,,,,,
,,,,,,,,ORD_004437,,,,,
,,,,,,,,ORD_004438,,,,,
,,,,,,,,ORD_004439,,,,,
,,,,,,,,ORD_004440,,,,,
,,,,,,,,ORD_004441,,,,,
,,,,,,,,ORD_004442,,,,,
,,,,,,,,ORD_004443,,,,,
,,,,,,,,ORD_004444,,,,,
,,,,,,,,ORD_004445,,,,,
,,,,,,,,ORD_004446,,,,,
,,,,,,,,ORD_004447,,,,,
,,,,,,,,ORD_004448,,,,,
,,,,,,,,ORD_004449,,,,,
,,,,,,,,ORD_004450,,,,,
,,,,,,,,ORD_004451,,,,,
,,,,,,,,ORD_004452,,,,,
,,,,,,,,ORD_004453,,,,,
,,,,,,,,ORD_004454,,,,,
,,,,,,,,ORD_004455,,,,,
,,,,,,,,ORD_004456,,,,,
,,,,,,,,ORD_004457,,,,,
,,,,,,,,ORD_004458,,,,,
,,,,,,,,ORD_004459,,,,,
,,,,,,,,ORD_004460,,,,,
,,,,,,,,ORD_004461,,,,,
,,,,,,,,ORD_004462,,,,,
,,,,,,,,ORD_004463,,,,,
,,,,,,,,ORD_004464,,,,,
,,,,,,,,ORD_004465,,,,,
,,,,,,,,ORD_004466,,,,,
,,,,,,,,ORD_004467,,,,,
,,,,,,,,ORD_004468,,,,,
,,,,,,,,ORD_004469,,,,,
,,,,,,,,ORD_004470,,,,,
,,,,,,,,ORD_004471,,,,,
,,,,,,,,ORD_004472,,,,,
,,,,,,,,ORD_004473,,,,,
,,,,,,,,ORD_004474,,,,,
,,,,,,,,ORD_004475,,,,,
,,,,,,,,ORD_004476,,,,,
,,,,,,,,ORD_004477,,,,,
,,,,,,,,ORD_004478,,,,,
,,,,,,,,ORD_004479,,,,,
,,,,,,,,ORD_004480,,,,,
,,,,,,,,ORD_004481,,,,,
,,,,,,,,ORD_004482,,,,,
,,,,,,,,ORD_004483,,,,,
,,,,,,,,ORD_004484,,,,,
,,,,,,,,ORD_004485,,,,,
,,,,,,,,ORD_004486,,,,,
,,,,,,,,ORD_004487,,,,,
,,,,,,,,ORD_004488,,,,,
,,,,,,,,ORD_004489,,,,,
,,,,,,,,ORD_004490,,,,,
,,,,,,,,ORD_004491,,,,,
,,,,,,,,ORD_004492,,,,,
,,,,,,,,ORD_004493,,,,,
,,,,,,,,ORD_004494,,,,,
,,,,,,,,ORD_004495,,,,,
,,,,,,,,ORD_004496,,,,,
,,,,,,,,ORD_004497,,,,,
,,,,,,,,ORD_004498,,,,,
,,,,,,,,ORD_004499,,,,,
,,,,,,,,ORD_004500,,,,,
,,,,,,,,ORD_004501,,,,,
,,,,,,,,ORD_004502,,,,,
,,,,,,,,ORD_004503,,,,,
,,,,,,,,ORD_004504,,,,,
,,,,,,,,ORD_004505,,,,,
,,,,,,,,ORD_004506,,,,,
,,,,,,,,ORD_004507,,,,,
,,,,,,,,ORD_004508,,,,,
,,,,,,,,ORD_004509,,,,,
,,,,,,,,ORD_004510,,,,,
,,,,,,,,ORD_004511,,,,,
,,,,,,,,ORD_004512,,,,,
,,,,,,,,ORD_004513,,,,,
,,,,,,,,ORD_004514,,,,,
,,,,,,,,ORD_004515,,,,,
,,,,,,,,ORD_004516,,,,,
,,,,,,,,ORD_004517,,,,,
,,,,,,,,ORD_004518,,,,,
,,,,,,,,ORD_004519,,,,,
,,,,,,,,ORD_004520,,,,,
,,,,,,,,ORD_004521,,,,,
,,,,,,,,ORD_004522,,,,,
,,,,,,,,ORD_004523,,,,,
,,,,,,,,ORD_004524,,,,,
,,,,,,,,ORD_004525,,,,,
,,,,,,,,ORD_004526,,,,,
,,,,,,,,ORD_004527,,,,,
,,,,,,,,ORD_004528,,,,,
,,,,,,,,ORD_004529,,,,,
,,,,,,,,ORD_004530,,,,,
,,,,,,,,ORD_004531,,,,,
,,,,,,,,ORD_004532,,,,,
,,,,,,,,ORD_004533,,,,,
,,,,,,,,ORD_004534,,,,,
,,,,,,,,ORD_004535,,,,,
,,,,,,,,ORD_004536,,,,,
,,,,,,,,ORD_004537,,,,,
,,,,,,,,ORD_004538,,,,,
,,,,,,,,ORD_004539,,,,,
,,,,,,,,ORD_004540,,,,,
,,,,,,,,ORD_004541,,,,,
,,,,,,,,ORD_004542,,,,,
,,,,,,,,ORD_004543,,,,,
,,,,,,,,ORD_004544,,,,,
,,,,,,,,ORD_004545,,,,,
,,,,,,,,ORD_004546,,,,,
,,,,,,,,ORD_004547,,,,,
,,,,,,,,ORD_004548,,,,,
,,,,,,,,ORD_004549,,,,,
,,,,,,,,ORD_004550,,,,,
,,,,,,,,ORD_004551,,,,,
,,,,,,,,ORD_004552,,,,,
,,,,,,,,ORD_004553,,,,,
,,,,,,,,ORD_004554,,,,,
,,,,,,,,ORD_004555,,,,,
,,,,,,,,ORD_004556,,,,,
,,,,,,,,ORD_004557,,,,,
,,,,,,,,ORD_004558,,,,,
,,,,,,,,ORD_004559,,,,,
,,,,,,,,ORD_004560,,,,,
,,,,,,,,ORD_004561,,,,,
,,,,,,,,ORD_004562,,,,,
,,,,,,,,ORD_004563,,,,,
,,,,,,,,ORD_004564,,,,,
,,,,,,,,ORD_004565,,,,,
,,,,,,,,ORD_004566,,,,,
,,,,,,,,ORD_004567,,,,,
,,,,,,,,ORD_004568,,,,,
,,,,,,,,ORD_004569,,,,,
,,,,,,,,ORD_004570,,,,,
,,,,,,,,ORD_004571,,,,,
,,,,,,,,ORD_004572,,,,,
,,,,,,,,ORD_004573,,,,,
,,,,,,,,ORD_004574,,,,,
,,,,,,,,ORD_004575,,,,,
,,,,,,,,ORD_004576,,,,,
,,,,,,,,ORD_004577,,,,,
,,,,,,,,ORD_004578,,,,,
,,,,,,,,ORD_004579,,,,,
,,,,,,,,ORD_004580,,,,,
,,,,,,,,ORD_004581,,,,,
,,,,,,,,ORD_004582,,,,,
,,,,,,,,ORD_004583,,,,,
,,,,,,,,ORD_004584,,,,,
,,,,,,,,ORD_004585,,,,,
,,,,,,,,ORD_004586,,,,,
,,,,,,,,ORD_004587,,,,,
,,,,,,,,ORD_004588,,,,,
,,,,,,,,ORD_004589,,,,,
,,,,,,,,ORD_004590,,,,,
,,,,,,,,ORD_004591,,,,,
,,,,,,,,ORD_004592,,,,,
,,,,,,,,ORD_004593,,,,,
,,,,,,,,ORD_004594,,,,,
,,,,,,,,ORD_004595,,,,,
,,,,,,,,ORD_004596,,,,,
,,,,,,,,ORD_004597,,,,,
,,,,,,,,ORD_004598,,,,,
,,,,,,,,ORD_004599,,,,,
,,,,,,,,ORD_004600,,,,,
,,,,,,,,ORD_004601,,,,,
,,,,,,,,ORD_004602,,,,,
,,,,,,,,ORD_004603,,,,,
,,,,,,,,ORD_004604,,,,,
,,,,,,,,ORD_004605,,,,,
,,,,,,,,ORD_004606,,,,,
,,,,,,,,ORD_004607,,,,,
,,,,,,,,ORD_004608,,,,,
,,,,,,,,ORD_004609,,,,,
,,,,,,,,ORD_004610,,,,,
,,,,,,,,ORD_004611,,,,,
,,,,,,,,ORD_004612,,,,,
,,,,,,,,ORD_004613,,,,,
,,,,,,,,ORD_004614,,,,,
,,,,,,,,ORD_004615,,,,,
,,,,,,,,ORD_004616,,,,,
,,,,,,,,ORD_004617,,,,,
,,,,,,,,ORD_004618,,,,,
,,,,,,,,ORD_004619,,,,,
,,,,,,,,ORD_004620,,,,,
,,,,,,,,ORD_004621,,,,,
,,,,,,,,ORD_004622,,,,,
,,,,,,,,ORD_004623,,,,,
,,,,,,,,ORD_004624,,,,,
,,,,,,,,ORD_004625,,,,,
,,,,,,,,ORD_004626,,,,,
,,,,,,,,ORD_004627,,,,,
,,,,,,,,ORD_004628,,,,,
,,,,,,,,ORD_004629,,,,,
,,,,,,,,ORD_004630,,,,,
,,,,,,,,ORD_004631,,,,,
,,,,,,,,ORD_004632,,,,,
,,,,,,,,ORD_004633,,,,,
,,,,,,,,ORD_004634,,,,,
,,,,,,,,ORD_004635,,,,,
,,,,,,,,ORD_004636,,,,,
,,,,,,,,ORD_004637,,,,,
,,,,,,,,ORD_004638,,,,,
,,,,,,,,ORD_004639,,,,,
,,,,,,,,ORD_004640,,,,,
,,,,,,,,ORD_004641,,,,,
,,,,,,,,ORD_004642,,,,,
,,,,,,,,ORD_004643,,,,,
,,,,,,,,ORD_004644,,,,,
,,,,,,,,ORD_004645,,,,,
,,,,,,,,ORD_004646,,,,,
,,,,,,,,ORD_004647,,,,,
,,,,,,,,ORD_004648,,,,,
,,,,,,,,ORD_004649,,,,,
,,,,,,,,ORD_004650,,,,,
,,,,,,,,ORD_004651,,,,,
,,,,,,,,ORD_004652,,,,,
,,,,,,,,ORD_004653,,,,,
,,,,,,,,ORD_004654,,,,,
,,,,,,,,ORD_004655,,,,,
,,,,,,,,ORD_004656,,,,,
,,,,,,,,ORD_004657,,,,,
,,,,,,,,ORD_004658,,,,,
,,,,,,,,ORD_004659,,,,,
,,,,,,,,ORD_004660,,,,,
,,,,,,,,ORD_004661,,,,,
,,,,,,,,ORD_004662,,,,,
,,,,,,,,ORD_004663,,,,,
,,,,,,,,ORD_004664,,,,,
,,,,,,,,ORD_004665,,,,,
,,,,,,,,ORD_004666,,,,,
,,,,,,,,ORD_004667,,,,,
,,,,,,,,ORD_004668,,,,,
,,,,,,,,ORD_004669,,,,,
,,,,,,,,ORD_004670,,,,,
,,,,,,,,ORD_004671,,,,,
,,,,,,,,ORD_004672,,,,,
,,,,,,,,ORD_004673,,,,,
,,,,,,,,ORD_004674,,,,,
,,,,,,,,ORD_004675,,,,,
,,,,,,,,ORD_004676,,,,,
,,,,,,,,ORD_004677,,,,,
,,,,,,,,ORD_004678,,,,,
,,,,,,,,ORD_004679,,,,,
,,,,,,,,ORD_004680,,,,,
,,,,,,,,ORD_004681,,,,,
,,,,,,,,ORD_004682,,,,,
,,,,,,,,ORD_004683,,,,,
,,,,,,,,ORD_004684,,,,,
,,,,,,,,ORD_004685,,,,,
,,,,,,,,ORD_004686,,,,,
,,,,,,,,ORD_004687,,,,,
,,,,,,,,ORD_004688,,,,,
,,,,,,,,ORD_004689,,,,,
,,,,,,,,ORD_004690,,,,,
,,,,,,,,ORD_004691,,,,,
,,,,,,,,ORD_004692,,,,,
,,,,,,,,ORD_004693,,,,,
,,,,,,,,ORD_004694,,,,,
,,,,,,,,ORD_004695,,,,,
,,,,,,,,ORD_004696,,,,,
,,,,,,,,ORD_004697,,,,,
,,,,,,,,ORD_004698,,,,,
,,,,,,,,ORD_004699,,,,,
,,,,,,,,ORD_004700,,,,,
,,,,,,,,ORD_004701,,,,,
,,,,,,,,ORD_004702,,,,,
,,,,,,,,ORD_004703,,,,,
,,,,,,,,ORD_004704,,,,,
,,,,,,,,ORD_004705,,,,,
,,,,,,,,ORD_004706,,,,,
,,,,,,,,ORD_004707,,,,,
,,,,,,,,ORD_004708,,,,,
,,,,,,,,ORD_004709,,,,,
,,,,,,,,ORD_004710,,,,,
,,,,,,,,ORD_004711,,,,,
,,,,,,,,ORD_004712,,,,,
,,,,,,,,ORD_004713,,,,,
,,,,,,,,ORD_004714,,,,,
,,,,,,,,ORD_004715,,,,,
,,,,,,,,ORD_004716,,,,,
,,,,,,,,ORD_004717,,,,,
,,,,,,,,ORD_004718,,,,,
,,,,,,,,ORD_004719,,,,,
,,,,,,,,ORD_004720,,,,,
,,,,,,,,ORD_004721,,,,,
,,,,,,,,ORD_004722,,,,,
,,,,,,,,ORD_004723,,,,,
,,,,,,,,ORD_004724,,,,,
,,,,,,,,ORD_004725,,,,,
,,,,,,,,ORD_004726,,,,,
,,,,,,,,ORD_004727,,,,,
,,,,,,,,ORD_004728,,,,,
,,,,,,,,ORD_004729,,,,,
,,,,,,,,ORD_004730,,,,,
,,,,,,,,ORD_004731,,,,,
,,,,,,,,ORD_004732,,,,,
,,,,,,,,ORD_004733,,,,,
,,,,,,,,ORD_004734,,,,,
,,,,,,,,ORD_004735,,,,,
,,,,,,,,ORD_004736,,,,,
,,,,,,,,ORD_004737,,,,,
,,,,,,,,ORD_004738,,,,,
,,,,,,,,ORD_004739,,,,,
,,,,,,,,ORD_004740,,,,,
,,,,,,,,ORD_004741,,,,,
,,,,,,,,ORD_004742,,,,,
,,,,,,,,ORD_004743,,,,,
,,,,,,,,ORD_004744,,,,,
,,,,,,,,ORD_004745,,,,,
,,,,,,,,ORD_004746,,,,,
,,,,,,,,ORD_004747,,,,,
,,,,,,,,ORD_004748,,,,,
,,,,,,,,ORD_004749,,,,,
,,,,,,,,ORD_004750,,,,,
,,,,,,,,ORD_004751,,,,,
,,,,,,,,ORD_004752,,,,,
,,,,,,,,ORD_004753,,,,,
,,,,,,,,ORD_004754,,,,,
,,,,,,,,ORD_004755,,,,,
,,,,,,,,ORD_004756,,,,,
,,,,,,,,ORD_004757,,,,,
,,,,,,,,ORD_004758,,,,,
,,,,,,,,ORD_004759,,,,,
,,,,,,,,ORD_004760,,,,,
,,,,,,,,ORD_004761,,,,,
,,,,,,,,ORD_004762,,,,,
,,,,,,,,ORD_004763,,,,,
,,,,,,,,ORD_004764,,,,,
,,,,,,,,ORD_004765,,,,,
,,,,,,,,ORD_004766,,,,,
,,,,,,,,ORD_004767,,,,,
,,,,,,,,ORD_004768,,,,,
,,,,,,,,ORD_004769,,,,,
,,,,,,,,ORD_004770,,,,,
,,,,,,,,ORD_004771,,,,,
,,,,,,,,ORD_004772,,,,,
,,,,,,,,ORD_004773,,,,,
,,,,,,,,ORD_004774,,,,,
,,,,,,,,ORD_004775,,,,,
,,,,,,,,ORD_004776,,,,,
,,,,,,,,ORD_004777,,,,,
,,,,,,,,ORD_004778,,,,,
,,,,,,,,ORD_004779,,,,,
,,,,,,,,ORD_004780,,,,,
,,,,,,,,ORD_004781,,,,,
,,,,,,,,ORD_004782,,,,,
,,,,,,,,ORD_004783,,,,,
,,,,,,,,ORD_004784,,,,,
,,,,,,,,ORD_004785,,,,,
,,,,,,,,ORD_004786,,,,,
,,,,,,,,ORD_004787,,,,,
,,,,,,,,ORD_004788,,,,,
,,,,,,,,ORD_004789,,,,,
,,,,,,,,ORD_004790,,,,,
,,,,,,,,ORD_004791,,,,,
,,,,,,,,ORD_004792,,,,,
,,,,,,,,ORD_004793,,,,,
,,,,,,,,ORD_004794,,,,,
,,,,,,,,ORD_004795,,,,,
,,,,,,,,ORD_004796,,,,,
,,,,,,,,ORD_004797,,,,,
,,,,,,,,ORD_004798,,,,,
,,,,,,,,ORD_004799,,,,,
,,,,,,,,ORD_004800,,,,,
,,,,,,,,ORD_004801,,,,,
,,,,,,,,ORD_004802,,,,,
,,,,,,,,ORD_004803,,,,,
,,,,,,,,ORD_004804,,,,,
,,,,,,,,ORD_004805,,,,,
,,,,,,,,ORD_004806,,,,,
,,,,,,,,ORD_004807,,,,,
,,,,,,,,ORD_004808,,,,,
,,,,,,,,ORD_004809,,,,,
,,,,,,,,ORD_004810,,,,,
,,,,,,,,ORD_004811,,,,,
,,,,,,,,ORD_004812,,,,,
,,,,,,,,ORD_004813,,,,,
,,,,,,,,ORD_004814,,,,,
,,,,,,,,ORD_004815,,,,,
,,,,,,,,ORD_004816,,,,,
,,,,,,,,ORD_004817,,,,,
,,,,,,,,ORD_004818,,,,,
,,,,,,,,ORD_004819,,,,,
,,,,,,,,ORD_004820,,,,,
,,,,,,,,ORD_004821,,,,,
,,,,,,,,ORD_004822,,,,,
,,,,,,,,ORD_004823,,,,,
,,,,,,,,ORD_004824,,,,,
,,,,,,,,ORD_004825,,,,,
,,,,,,,,ORD_004826,,,,,
,,,,,,,,ORD_004827,,,,,
,,,,,,,,ORD_004828,,,,,
,,,,,,,,ORD_004829,,,,,
,,,,,,,,ORD_004830,,,,,
,,,,,,,,ORD_004831,,,,,
,,,,,,,,ORD_004832,,,,,
,,,,,,,,ORD_004833,,,,,
,,,,,,,,ORD_004834,,,,,
,,,,,,,,ORD_004835,,,,,
,,,,,,,,ORD_004836,,,,,
,,,,,,,,ORD_004837,,,,,
,,,,,,,,ORD_004838,,,,,
,,,,,,,,ORD_004839,,,,,
,,,,,,,,ORD_004840,,,,,
,,,,,,,,ORD_004841,,,,,
,,,,,,,,ORD_004842,,,,,
,,,,,,,,ORD_004843,,,,,
,,,,,,,,ORD_004844,,,,,
,,,,,,,,ORD_004845,,,,,
,,,,,,,,ORD_004846,,,,,
,,,,,,,,ORD_004847,,,,,
,,,,,,,,ORD_004848,,,,,
,,,,,,,,ORD_004849,,,,,
,,,,,,,,ORD_004850,,,,,
,,,,,,,,ORD_004851,,,,,
,,,,,,,,ORD_004852,,,,,
,,,,,,,,ORD_004853,,,,,
,,,,,,,,ORD_004854,,,,,
,,,,,,,,ORD_004855,,,,,
,,,,,,,,ORD_004856,,,,,
,,,,,,,,ORD_004857,,,,,
,,,,,,,,ORD_004858,,,,,
,,,,,,,,ORD_004859,,,,,
,,,,,,,,ORD_004860,,,,,
,,,,,,,,ORD_004861,,,,,
,,,,,,,,ORD_004862,,,,,
,,,,,,,,ORD_004863,,,,,
,,,,,,,,ORD_004864,,,,,
,,,,,,,,ORD_004865,,,,,
,,,,,,,,ORD_004866,,,,,
,,,,,,,,ORD_004867,,,,,
,,,,,,,,ORD_004868,,,,,
,,,,,,,,ORD_004869,,,,,
,,,,,,,,ORD_004870,,,,,
,,,,,,,,ORD_004871,,,,,
,,,,,,,,ORD_004872,,,,,
,,,,,,,,ORD_004873,,,,,
,,,,,,,,ORD_004874,,,,,
,,,,,,,,ORD_004875,,,,,
,,,,,,,,ORD_004876,,,,,
,,,,,,,,ORD_004877,,,,,
,,,,,,,,ORD_004878,,,,,
,,,,,,,,ORD_004879,,,,,
,,,,,,,,ORD_004880,,,,,
,,,,,,,,ORD_004881,,,,,
,,,,,,,,ORD_004882,,,,,
,,,,,,,,ORD_004883,,,,,
,,,,,,,,ORD_004884,,,,,
,,,,,,,,ORD_004885,,,,,
,,,,,,,,ORD_004886,,,,,
,,,,,,,,ORD_004887,,,,,
,,,,,,,,ORD_004888,,,,,
,,,,,,,,ORD_004889,,,,,
,,,,,,,,ORD_004890,,,,,
,,,,,,,,ORD_004891,,,,,
,,,,,,,,ORD_004892,,,,,
,,,,,,,,ORD_004893,,,,,
,,,,,,,,ORD_004894,,,,,
,,,,,,,,ORD_004895,,,,,
,,,,,,,,ORD_004896,,,,,
,,,,,,,,ORD_004897,,,,,
,,,,,,,,ORD_004898,,,,,
,,,,,,,,ORD_004899,,,,,
,,,,,,,,ORD_004900,,,,,
,,,,,,,,ORD_004901,,,,,
,,,,,,,,ORD_004902,,,,,
,,,,,,,,ORD_004903,,,,,
,,,,,,,,ORD_004904,,,,,
,,,,,,,,ORD_004905,,,,,
,,,,,,,,ORD_004906,,,,,
,,,,,,,,ORD_004907,,,,,
,,,,,,,,ORD_004908,,,,,
,,,,,,,,ORD_004909,,,,,
,,,,,,,,ORD_004910,,,,,
,,,,,,,,ORD_004911,,,,,
,,,,,,,,ORD_004912,,,,,
,,,,,,,,ORD_004913,,,,,
,,,,,,,,ORD_004914,,,,,
,,,,,,,,ORD_004915,,,,,
,,,,,,,,ORD_004916,,,,,
,,,,,,,,ORD_004917,,,,,
,,,,,,,,ORD_004918,,,,,
,,,,,,,,ORD_004919,,,,,
,,,,,,,,ORD_004920,,,,,
,,,,,,,,ORD_004921,,,,,
,,,,,,,,ORD_004922,,,,,
,,,,,,,,ORD_004923,,,,,
,,,,,,,,ORD_004924,,,,,
,,,,,,,,ORD_004925,,,,,
,,,,,,,,ORD_004926,,,,,
,,,,,,,,ORD_004927,,,,,
,,,,,,,,ORD_004928,,,,,
,,,,,,,,ORD_004929,,,,,
,,,,,,,,ORD_004930,,,,,
,,,,,,,,ORD_004931,,,,,
,,,,,,,,ORD_004932,,,,,
,,,,,,,,ORD_004933,,,,,
,,,,,,,,ORD_004934,,,,,
,,,,,,,,ORD_004935,,,,,
,,,,,,,,ORD_004936,,,,,
,,,,,,,,ORD_004937,,,,,
,,,,,,,,ORD_004938,,,,,
,,,,,,,,ORD_004939,,,,,
,,,,,,,,ORD_004940,,,,,
,,,,,,,,ORD_004941,,,,,
,,,,,,,,ORD_004942,,,,,
,,,,,,,,ORD_004943,,,,,
,,,,,,,,ORD_004944,,,,,
,,,,,,,,ORD_004945,,,,,
,,,,,,,,ORD_004946,,,,,
,,,,,,,,ORD_004947,,,,,
,,,,,,,,ORD_004948,,,,,
,,,,,,,,ORD_004949,,,,,
,,,,,,,,ORD_004950,,,,,
,,,,,,,,ORD_004951,,,,,
,,,,,,,,ORD_004952,,,,,
,,,,,,,,ORD_004953,,,,,
,,,,,,,,ORD_004954,,,,,
,,,,,,,,ORD_004955,,,,,
,,,,,,,,ORD_004956,,,,,
,,,,,,,,ORD_004957,,,,,
,,,,,,,,ORD_004958,,,,,
,,,,,,,,ORD_004959,,,,,
,,,,,,,,ORD_004960,,,,,
,,,,,,,,ORD_004961,,,,,
,,,,,,,,ORD_004962,,,,,
,,,,,,,,ORD_004963,,,,,
,,,,,,,,ORD_004964,,,,,
,,,,,,,,ORD_004965,,,,,
,,,,,,,,ORD_004966,,,,,
,,,,,,,,ORD_004967,,,,,
,,,,,,,,ORD_004968,,,,,
,,,,,,,,ORD_004969,,,,,
,,,,,,,,ORD_004970,,,,,
,,,,,,,,ORD_004971,,,,,
,,,,,,,,ORD_004972,,,,,
,,,,,,,,ORD_004973,,,,,
,,,,,,,,ORD_004974,,,,,
,,,,,,,,ORD_004975,,,,,
,,,,,,,,ORD_004976,,,,,
,,,,,,,,ORD_004977,,,,,
,,,,,,,,ORD_004978,,,,,
,,,,,,,,ORD_004979,,,,,
,,,,,,,,ORD_004980,,,,,
,,,,,,,,ORD_004981,,,,,
,,,,,,,,ORD_004982,,,,,
,,,,,,,,ORD_004983,,,,,
,,,,,,,,ORD_004984,,,,,
,,,,,,,,ORD_004985,,,,,
,,,,,,,,ORD_004986,,,,,
,,,,,,,,ORD_004987,,,,,
,,,,,,,,ORD_004988,,,,,
,,,,,,,,ORD_004989,,,,,
,,,,,,,,ORD_004990,,,,,
,,,,,,,,ORD_004991,,,,,
,,,,,,,,ORD_004992,,,,,
,,,,,,,,ORD_004993,,,,,
,,,,,,,,ORD_004994,,,,,
,,,,,,,,ORD_004995,,,,,
,,,,,,,,ORD_004996,,,,,
,,,,,,,,ORD_004997,,,,,
,,,,,,,,ORD_004998,,,,,
,,,,,,,,ORD_004999,,,,,
,,,,,,,,ORD_005000,,,,,
,,,,,,,,Grand Total,,,,,
